8.920786618567634330e-01,1.190800637603085077e+00,8.242823937860200845e-01,8.264796105208408461e-01,7.943736368119096447e-01,1.851102231702277168e+00,1.658521749540440737e+00,8.939833879820818785e-01,1.783023346317225977e-01
8.279874597474424780e-01,1.285585392944286420e+00,9.426229590783818946e-01,8.421804119554785473e-01,8.388983929028775988e-01,1.908410315412270464e+00,1.512543079082161679e+00,7.646824999552507274e-01,2.414789860316949310e-01
7.637012308079482725e-01,1.387119429913949986e+00,1.031996983400805590e+00,8.913389905842725724e-01,9.319178998938258962e-01,1.732008640531374599e+00,1.603114935782266492e+00,1.202282313477447628e+00,2.458908496016014855e-01
6.872618533816098330e-01,1.471989801315941815e+00,1.171424509610618614e+00,8.479967336287035362e-01,9.313435771124498608e-01,1.891528688992585083e+00,1.751924989685803791e+00,1.229103410228090887e+00,2.426599373447776709e-01
6.303877351738582657e-01,1.577071105984586108e+00,1.314545776566016011e+00,8.020548634900624974e-01,9.247392571414944085e-01,1.578631429706432998e+00,1.658860873963581506e+00,1.223367671491682573e+00,1.989093349369100150e-01
5.951556402765885156e-01,1.574738488414505699e+00,1.383390572408155217e+00,7.671320624983631875e-01,9.204098166766391254e-01,1.996091914166755021e+00,1.748987097700168469e+00,1.119054575267621754e+00,2.357128388987355661e-01
5.649040307617591017e-01,1.669774490567493830e+00,1.461654060312195025e+00,7.458290845799318003e-01,9.380901137331673079e-01,1.640604471484410354e+00,1.694114976108379800e+00,1.270222700683974359e+00,2.339658681270941065e-01
5.403515945012581367e-01,1.659415674678923924e+00,1.515021471398791064e+00,7.000574198852078656e-01,9.227535647952711528e-01,1.798375188926555568e+00,1.536075754846797814e+00,9.558724342552022968e-01,1.655342098881148194e-01
5.285851525828380026e-01,1.677709899196512033e+00,1.513011319915827491e+00,7.051406262463448815e-01,9.607756792302983850e-01,1.926357838231046005e+00,1.781313361857411737e+00,8.913754181869573134e-01,2.382239930328045319e-01
5.145358607778688365e-01,1.722444663975611467e+00,1.556895683359107885e+00,7.235546999198094742e-01,1.034050263556827831e+00,1.668860563888075577e+00,1.596405604890222651e+00,1.225544128786882681e+00,2.338993442804096767e-01
5.026371961273016220e-01,1.706265105571750373e+00,1.559355594930792899e+00,6.863007076568100606e-01,1.027832764550216549e+00,1.770228144146748672e+00,1.886900280728897705e+00,1.206701656725076566e+00,1.900684071248660567e-01
4.953349595670017980e-01,1.717209311302949404e+00,1.620508129363004368e+00,6.598056480057239437e-01,1.026477214732813836e+00,1.841252996370339234e+00,1.927022946632720668e+00,1.126561724997385827e+00,2.383723237108939241e-01
4.881656716693691944e-01,1.743914207588729726e+00,1.685305276866000623e+00,6.401322848916944919e-01,1.044545210148808190e+00,1.706736501630923497e+00,1.935292221417109548e+00,1.266109427870794057e+00,1.815781538319678201e-01
4.842645676366330587e-01,1.734302144982669214e+00,1.730838209760549473e+00,6.098866094296455653e-01,1.032036337423745564e+00,1.808128009292802707e+00,1.977981457530077147e+00,1.212042353621920032e+00,1.901917602902351567e-01
4.810039692409233680e-01,1.747588688474011498e+00,1.775672272035365706e+00,5.857311860756273525e-01,1.029628296894617545e+00,1.628762862051097660e+00,1.545775414999592368e+00,9.767528869361795651e-01,1.966666672040145447e-01
4.774202170264785217e-01,1.724754982585111174e+00,1.728748202623914487e+00,5.883660682892497551e-01,1.075798682668665407e+00,1.676019710739124369e+00,1.772779873153614849e+00,1.406125823994903268e+00,1.792309972307858934e-01
4.763930635242008549e-01,1.712126649532777378e+00,1.732667026303877700e+00,5.470066692242655515e-01,1.036732087066887020e+00,1.569256870049078323e+00,1.806673531905943708e+00,1.405894170175119751e+00,2.385432725205957338e-01
4.757927312439477752e-01,1.669144015917189527e+00,1.746599700414012801e+00,4.964493349435009084e-01,9.869806568556045434e-01,1.807199114418460484e+00,1.861082398022045226e+00,1.050434874228554971e+00,2.036014053177416239e-01
4.739716426636969016e-01,1.694049072989727733e+00,1.762199202075345861e+00,4.913340225139610218e-01,1.017450756675368106e+00,1.527098335796148509e+00,1.732759171597299641e+00,1.357969563517007705e+00,1.514633889734934846e-01
4.740073542641242144e-01,1.661676798575126623e+00,1.751845265480240998e+00,4.653690729903787737e-01,9.933586044048122732e-01,1.832524689384141592e+00,1.991978745880189416e+00,8.956383451207727830e-01,2.395882869210114730e-01
4.713465642590460303e-01,1.692797577255420682e+00,1.790473278673403446e+00,4.771026306584545407e-01,1.068473995662720055e+00,1.845688285794120365e+00,1.999376005702265813e+00,9.233982102271196535e-01,2.470932696651925442e-01
4.688584257998911764e-01,1.722026589668820495e+00,1.824562176423148330e+00,4.861675642569123212e-01,1.144015440905179704e+00,1.746205493051647961e+00,1.804528994089567684e+00,1.094247747312667940e+00,2.345897624903044987e-01
4.678427314969911266e-01,1.725601348731353957e+00,1.811522204555369608e+00,4.754884411596613791e-01,1.172686742774219582e+00,1.557841323372429754e+00,1.892363544006152809e+00,8.601100822203053831e-01,1.552707811624015888e-01
4.660297757153183951e-01,1.703263038092890147e+00,1.815454379711727073e+00,4.858973622899172562e-01,1.236206546695559405e+00,1.805327408764122898e+00,1.661294368180256331e+00,1.173386241193769219e+00,2.120697260063161282e-01
4.658302160533822622e-01,1.724095976912600747e+00,1.773138411543016879e+00,4.683114558133105176e-01,1.243138952001260567e+00,1.999455791632754442e+00,1.778953177036382005e+00,1.126244230208357511e+00,2.172913264454623405e-01
4.653545724349087420e-01,1.782349488004508764e+00,1.765853063780649324e+00,4.555969091714930364e-01,1.263155849079814486e+00,1.748124680168882561e+00,1.720608974778107036e+00,8.438847659301270676e-01,1.863651910202716311e-01
4.631006197907440725e-01,1.775827092837860333e+00,1.751297000628848188e+00,4.690111768193890307e-01,1.349803572654683537e+00,1.990373937466968890e+00,1.963788043729519206e+00,9.092453912561606622e-01,1.554933188544411204e-01
4.615317390949462695e-01,1.802827258792589094e+00,1.772269037555732174e+00,4.756456404248756153e-01,1.412186740827774400e+00,1.549553641164441720e+00,1.515816431009207044e+00,1.188554201420115142e+00,2.438597195330343137e-01
4.616798868772263864e-01,1.736915955353433461e+00,1.696843106778369359e+00,4.542211010318055187e-01,1.416048046018096418e+00,1.617165245469943446e+00,1.534118998605912942e+00,1.383720504142477825e+00,2.425916653005608659e-01
4.636254745792282583e-01,1.700845789175000844e+00,1.640050157850786450e+00,4.137843842504930758e-01,1.354233826978839428e+00,1.920182837768345419e+00,1.990696222905488533e+00,1.436589864271718087e+00,2.351491972600326108e-01
4.658639769661160335e-01,1.762482401591166870e+00,1.731696173230617086e+00,3.733568814391421409e-01,1.280867305536882439e+00,1.860952846327050159e+00,1.800692240181535064e+00,7.673911948811524830e-01,1.804825028973113532e-01
4.633218904223843637e-01,1.773995155843671734e+00,1.732692826285883614e+00,3.893375702939186334e-01,1.384874609361041564e+00,1.782711854937526930e+00,1.689817573721156485e+00,1.498030254509360892e+00,1.989853336732022027e-01
4.656773845557320435e-01,1.775020910842045829e+00,1.713388846841106261e+00,3.525544069221152044e-01,1.305055780401077392e+00,1.599751233382538107e+00,1.567393413952994585e+00,1.066126511234645191e+00,1.791653650188892166e-01
4.650688740244659503e-01,1.743382054555834504e+00,1.680333591945486482e+00,3.483755782966728720e-01,1.336679057311623176e+00,1.704869882201686782e+00,1.621028470608291805e+00,8.369807994099840442e-01,1.548019440268042224e-01
4.632536474598470400e-01,1.737711790656019772e+00,1.666066108086673214e+00,3.572558364832321143e-01,1.413912703637807855e+00,1.762032930961187294e+00,1.981737415147938997e+00,1.183222503139232717e+00,1.917635026860644021e-01
4.633865631003594721e-01,1.741502113985875733e+00,1.721731272369746435e+00,3.448924650753294463e-01,1.418401142052083008e+00,1.839238312251639140e+00,1.828888137602451502e+00,1.378854316641886735e+00,1.684528634860505969e-01
4.646842876301805481e-01,1.760851827049757290e+00,1.736575000821324100e+00,3.235416394600567069e-01,1.376245344125629710e+00,1.889730997913438237e+00,1.862026144138754891e+00,1.323319919744788242e+00,2.124544318186578629e-01
4.658515924867184244e-01,1.791453220017395598e+00,1.758537005880575155e+00,3.020309988964228753e-01,1.340585154544069013e+00,1.791421030308610218e+00,1.891254403424112107e+00,7.989213621176409763e-01,2.101019108964286009e-01
4.631139601078034795e-01,1.790299146235396544e+00,1.769508790822781785e+00,3.150385831226175104e-01,1.458443377634913718e+00,1.767466716781896485e+00,1.644096239840730167e+00,1.171171337660897649e+00,1.607537120740171466e-01
4.631420341549835618e-01,1.785496181505742186e+00,1.740370593271818311e+00,3.064670362619568156e-01,1.465159764078511451e+00,1.966861814144001075e+00,1.635958997284162830e+00,8.646138970787734523e-01,2.142521456753763154e-01
9.647173590141965294e-01,1.341507698731562837e+00,8.858632182015465650e-01,8.158875113237719079e-01,7.677628009035840639e-01,1.689399205655625291e+00,1.634069728433982682e+00,9.557266606889788241e-01,1.653898841897160354e-01
8.910625334109818496e-01,1.390032763286563666e+00,9.911753420849686025e-01,8.218249237723980194e-01,7.993916522062147756e-01,1.700166194556513855e+00,1.737746876781229854e+00,1.270163063301557260e+00,1.505742998785345177e-01
8.178148635543248668e-01,1.442005259174992116e+00,1.117550554153968978e+00,7.890112407894575020e-01,7.909654124331704228e-01,1.523812471509697897e+00,1.989879450829571184e+00,1.403427411098967514e+00,1.908945266822408837e-01
7.371161869449632809e-01,1.458813857951053450e+00,1.318270169084279075e+00,7.304643316460349700e-01,7.608083268283990508e-01,1.620968368783977098e+00,1.826635688127713708e+00,8.487546317991309097e-01,1.628269661457785178e-01
7.011517717883886114e-01,1.477602249272880419e+00,1.379750496867772291e+00,7.486256097225783002e-01,8.055749992378724578e-01,1.599139768791517202e+00,1.736852481461764075e+00,1.199764317968176286e+00,1.843275532054599597e-01
6.552578676235758515e-01,1.499438566913850579e+00,1.446079026030065107e+00,7.215022964557782359e-01,8.055791116476919145e-01,1.918727012006538946e+00,1.560769001796918243e+00,9.751000018214858178e-01,2.324342054213653919e-01
6.162266913248529709e-01,1.581809601065900850e+00,1.463314682124513988e+00,7.256183799561353176e-01,8.487788564766975963e-01,1.524702820964065841e+00,1.557210836437153301e+00,1.392035321692768779e+00,1.503785452003322254e-01
5.893810980510084674e-01,1.569155090080972315e+00,1.477077390193001438e+00,6.840261160927334494e-01,8.245904449890992804e-01,1.981721023233104617e+00,1.704180884987903211e+00,9.134413997685861819e-01,2.058534423836693439e-01
5.673330165898785582e-01,1.637520628128853906e+00,1.510445057975319472e+00,6.962633030503813103e-01,8.746704967307197265e-01,1.722683815661957052e+00,1.650831138493164429e+00,1.250606435481924628e+00,1.936715817851104027e-01
5.466071241171898132e-01,1.653644606883746704e+00,1.535440487144942745e+00,6.632192154597420508e-01,8.661014840957391714e-01,1.825269609632747647e+00,1.941480784911836954e+00,8.068127884300515529e-01,1.993018204304010665e-01
5.329227410739773019e-01,1.676777700250875025e+00,1.589975102409296071e+00,6.891986719114393534e-01,9.366952395792015329e-01,1.896516472994485891e+00,1.894785468517264704e+00,9.753326321768920337e-01,2.053539522710947640e-01
5.197794987571494607e-01,1.714273728821643861e+00,1.639112543803953548e+00,6.926391128962640087e-01,9.808852590319976361e-01,1.854127724048233006e+00,1.602561506905177291e+00,1.435047464033395226e+00,1.926457574134164408e-01
5.085942648353072304e-01,1.746033160736511158e+00,1.624530071003552845e+00,6.368827085575181624e-01,9.374139927870412947e-01,1.658953272932418121e+00,1.700833842671326757e+00,9.419200683444879374e-01,1.920212957766716522e-01
5.005939037126835300e-01,1.729432269246045539e+00,1.631208262597519498e+00,6.439738449692984368e-01,9.850051694533008551e-01,1.684776463537059454e+00,1.966920225466008532e+00,1.095850403573670029e+00,2.450060143775681376e-01
4.922150338342533016e-01,1.716237849354283806e+00,1.702968775189114492e+00,6.289617095882501507e-01,1.010405874574988205e+00,1.859450844382074530e+00,1.989052907225185240e+00,1.425132648661990631e+00,1.705441198988002227e-01
4.882185284341802878e-01,1.745467046110951603e+00,1.759583450722547626e+00,5.849190819161772525e-01,9.723047300290390549e-01,1.751703103626325975e+00,1.731039963085726718e+00,1.392201706102148329e+00,1.799057330794603393e-01
4.851458667368260258e-01,1.745120022871353704e+00,1.747853177095988197e+00,5.450182307379254354e-01,9.392169427014980254e-01,1.996003000329624966e+00,1.579786891136824245e+00,9.724655157680904827e-01,1.734716876024325061e-01
4.818070821477578036e-01,1.782449003885427041e+00,1.716315551735030809e+00,5.475878909488525181e-01,9.769947493515768189e-01,1.523904239434134888e+00,1.817525626732038768e+00,1.236117492795785200e+00,2.233106763926940852e-01
4.792722496353746808e-01,1.717820879017989411e+00,1.734101340486500220e+00,5.194101221085996034e-01,9.690942285327265315e-01,1.904952842081685471e+00,1.603551596752011976e+00,1.381091297562109022e+00,1.740136749725501586e-01
4.783909572634268970e-01,1.756425720095890153e+00,1.700900621546138636e+00,4.860391123779964628e-01,9.389911540387981814e-01,1.630170053986940593e+00,1.782452244292254573e+00,1.465644220598073311e+00,2.363776688206213616e-01
4.782599479159108657e-01,1.717456100575431410e+00,1.718471044341628673e+00,4.353026755894128796e-01,8.817804188111749708e-01,1.908773229401593108e+00,1.585526673635539341e+00,1.484497041329725153e+00,2.034898981971135501e-01
4.786538757886794060e-01,1.766169538653061588e+00,1.678309668970147106e+00,3.943776920363158411e-01,8.321320825549149980e-01,1.613656869046550923e+00,1.721422081843521523e+00,1.435156045081690701e+00,1.665667021079548504e-01
4.789985341554360287e-01,1.732553293408311879e+00,1.683226099301347922e+00,3.667701007094598120e-01,8.001335857491103098e-01,1.818086314667497705e+00,1.900866092748427993e+00,1.078802866434120933e+00,1.889711222845568139e-01
4.781149772559608602e-01,1.747165355467246384e+00,1.718563253732886320e+00,3.613198250265853284e-01,8.186337114081470023e-01,1.552112457886940966e+00,1.762399121479988118e+00,1.192395889046268032e+00,2.258632878577000180e-01
4.777680978355567931e-01,1.699582942230529969e+00,1.723206346257722732e+00,3.459201656729954943e-01,8.199958964221228941e-01,1.734842951958690316e+00,1.731053669407594642e+00,1.327924284643198227e+00,1.748556975433926408e-01
4.781211695240837889e-01,1.705899548691661938e+00,1.720359497485478784e+00,3.266154757918808826e-01,8.018233154114716710e-01,1.664492621375350812e+00,1.909565162643887648e+00,1.035110633666656899e+00,1.952046941761609034e-01
4.773236021821383734e-01,1.697198421880247610e+00,1.749959392160993499e+00,3.243572889421694749e-01,8.280151186273124742e-01,1.747225880356166217e+00,1.655481516432611988e+00,1.418274550581395843e+00,2.171111338341404351e-01
4.783558392787425895e-01,1.709403717040365533e+00,1.719438282205805191e+00,2.961591403791143939e-01,7.896452831160637453e-01,1.662169826897050395e+00,1.983039027006953114e+00,1.166646681750676873e+00,2.472900668030765248e-01
4.782244580417440161e-01,1.696310944613478977e+00,1.779754543376616427e+00,2.841712965270166147e-01,7.961376472830705708e-01,1.826414555141304463e+00,1.674439141444586499e+00,8.394625456463395974e-01,2.307017100388094877e-01
4.764342974835668043e-01,1.718096181533824485e+00,1.755010896960960576e+00,2.948654065057448870e-01,8.651813169771505052e-01,1.644848645884765759e+00,1.704617776022313347e+00,1.167468495321276611e+00,2.075237085549963001e-01
4.763935483811547744e-01,1.701255686270138900e+00,1.738469614210776282e+00,2.847678678453336443e-01,8.709981762167978703e-01,1.770121330868514642e+00,1.544146097782806093e+00,9.891983058302333820e-01,2.110539104710409952e-01
4.754666775949585866e-01,1.713216606704940581e+00,1.695763030654511505e+00,2.853918575471900976e-01,9.105846705756703852e-01,1.591193954135412092e+00,1.613991823705905215e+00,1.318089092567810816e+00,2.346634553921295163e-01
4.763122023508513658e-01,1.679519082970717170e+00,1.667472414527986002e+00,2.648317659595604834e-01,8.856460572907614015e-01,1.718548698610817160e+00,1.677084929774425248e+00,1.015846090290083215e+00,1.815621710679318490e-01
4.756545929298615083e-01,1.685260988083099321e+00,1.663814272689681850e+00,2.640500723358242263e-01,9.157210096212007322e-01,1.782582686567168118e+00,1.863382514367005527e+00,1.020370710929431102e+00,2.051863936524864485e-01
4.749185091807974768e-01,1.702750183191159117e+00,1.695495079868951871e+00,2.629253313539134940e-01,9.500585064287069281e-01,1.738618415230698044e+00,1.767351671260239732e+00,1.251691662926402548e+00,1.614606732323698446e-01
4.752676483096681670e-01,1.708602918996643183e+00,1.703782346890212462e+00,2.524363580414314412e-01,9.421249137557531350e-01,1.643419577647739382e+00,1.671405639156388290e+00,1.149799629432913584e+00,1.729417041916095632e-01
4.752043289127367842e-01,1.696069855703326912e+00,1.692682847731608264e+00,2.459620749742659207e-01,9.502996494706826835e-01,1.501182026875867326e+00,1.596558845018100303e+00,1.272899072545802479e+00,2.071569059275008284e-01
4.757547687093383049e-01,1.649887484599215526e+00,1.664236292789199823e+00,2.324196826591836962e-01,9.360088076940341617e-01,1.913998977688957659e+00,1.616890569159834534e+00,9.294868857436112686e-01,2.223459678962280139e-01
4.744524470244813608e-01,1.698410563372755089e+00,1.648517404588684565e+00,2.360695399062973376e-01,9.939987379449598537e-01,1.748509484953782334e+00,1.518889926657869038e+00,1.181178268733902303e+00,2.099972399899346642e-01
4.745381796832713883e-01,1.708622214955286100e+00,1.613387945855927486e+00,2.272353919450082749e-01,9.978832979557815674e-01,1.942166028778447462e+00,1.876206466623836722e+00,7.571054641642378513e-01,2.395968614801050056e-01
7.748697584233857905e-01,1.312050245528701531e+00,9.461764889089735453e-01,7.923126426064117656e-01,7.799845149145564482e-01,1.903191313965078901e+00,1.613552014286923297e+00,1.319964786182927785e+00,2.426269357160712736e-01
6.921475076141647698e-01,1.471239404766402803e+00,1.123692612820222703e+00,7.330486178911431727e-01,7.575667766169379425e-01,1.920070799662609851e+00,1.950545606785559993e+00,1.439817265873330143e+00,1.989314595835590116e-01
6.384943702695943246e-01,1.580850591100381619e+00,1.325403336846394664e+00,6.715746106617214162e-01,7.222414314776101074e-01,1.783221622494294278e+00,1.918856979207930191e+00,9.804825207032248358e-01,2.353072192367849091e-01
6.030156165422052572e-01,1.619941469727768313e+00,1.442519394429388147e+00,6.745998808789638312e-01,7.604980550986831789e-01,1.888757418806864319e+00,1.551025883506329084e+00,1.123026168787580659e+00,2.092988499313309381e-01
5.751919229210471496e-01,1.674025818175483682e+00,1.460255253130650965e+00,6.573939054830081341e-01,7.728135042273096555e-01,1.689272331157985807e+00,1.739517261831390327e+00,9.529577204521467726e-01,2.105267287767401962e-01
5.550703311494795678e-01,1.674375579593411656e+00,1.505779844134394807e+00,6.638791237324609407e-01,8.140412534727360372e-01,1.824354513703119629e+00,1.658992703304507543e+00,1.204478708627825689e+00,1.766387436386010756e-01
5.390797004673164583e-01,1.701192000106308999e+00,1.530636534235991997e+00,6.402802089999307666e-01,8.133643370326112398e-01,1.580973526482860159e+00,1.511100154668730600e+00,1.027161436391909488e+00,2.206721642529512750e-01
5.243948549907457846e-01,1.674311333898235166e+00,1.520868622157026451e+00,6.363951507665617235e-01,8.449464171257103917e-01,1.503289099844882681e+00,1.517183165306221770e+00,9.490585840100177473e-01,1.674516530101386180e-01
5.153966496627120364e-01,1.647241248331645647e+00,1.515603873874977525e+00,6.418011747581358062e-01,8.811788530354097704e-01,1.987976979980599079e+00,1.706313624212012492e+00,1.483734724468023902e+00,1.813747400244410390e-01
5.062806902562978495e-01,1.726063286295582921e+00,1.555938298526854613e+00,5.878228780604991544e-01,8.369362835016577185e-01,1.996039512799039350e+00,1.825583152973714096e+00,1.281210973394444785e+00,2.492539659935315288e-01
4.975781706464182386e-01,1.797917493354529439e+00,1.623771415326720202e+00,5.479645730314806062e-01,8.201158507658747876e-01,1.967714144273857713e+00,1.549445136007693957e+00,1.328926947731875696e+00,1.738335692526694898e-01
4.931975292152753765e-01,1.831450894410194818e+00,1.603940526759674023e+00,5.174700032762750146e-01,8.019060720419511901e-01,1.653181007980161876e+00,1.553159273619520109e+00,1.355537699191277312e+00,1.885010983786383210e-01
4.897001422402584292e-01,1.789504975506339468e+00,1.587794902468758762e+00,4.838809350185748204e-01,7.786997955617690481e-01,1.729670359651380496e+00,1.891560065929457357e+00,1.463287254777141388e+00,1.820109614119034547e-01
4.875199071372395276e-01,1.774030436744501227e+00,1.654789269494508996e+00,4.447027066532607265e-01,7.422267571678909936e-01,1.663163592380057620e+00,1.920077543067624681e+00,9.499938400072918121e-01,1.528709989154879989e-01
4.851899760149644414e-01,1.757803846690015215e+00,1.686887853694703399e+00,4.480866511465368962e-01,7.711182454398487485e-01,1.953233291276859296e+00,1.844315063941418753e+00,7.659784307873034326e-01,1.998521922802000139e-01
4.817828098627989220e-01,1.783943443592936884e+00,1.703984195536933699e+00,4.695063891918486720e-01,8.409947840387027584e-01,1.699548367561772189e+00,1.617133570342277560e+00,1.089855652836775324e+00,1.822047608525926843e-01
4.799481520056629313e-01,1.767227650844429565e+00,1.683342579724350641e+00,4.618469367582865859e-01,8.580058548442779376e-01,1.806777541428738143e+00,1.757807751103389160e+00,1.306942268749529124e+00,2.241500249144490198e-01
4.791140470529015039e-01,1.775642355543298967e+00,1.696499833331297946e+00,4.310916805163740873e-01,8.376369603313634782e-01,1.581067524916034417e+00,1.832985296188601065e+00,1.413734948036896366e+00,1.810939799944084605e-01
4.791693967378657937e-01,1.730256809026708309e+00,1.722789863870022753e+00,3.999326470755714680e-01,8.057972437495297680e-01,1.915510791664211787e+00,1.575196065208766871e+00,1.383588972158324770e+00,1.964740994022881881e-01
4.793457473042643802e-01,1.773247797045130580e+00,1.682696891120643023e+00,3.708598122768719252e-01,7.772110441150481552e-01,1.869510758943011774e+00,1.966870286280350433e+00,1.225278007292628590e+00,2.062105722240854533e-01
4.790508515196166273e-01,1.793541729095611714e+00,1.741363658142823567e+00,3.539935062179023206e-01,7.731315720078185683e-01,1.808375080611235752e+00,1.948859454812716496e+00,1.437470806328077888e+00,1.601989140296031233e-01
4.796300063521706236e-01,1.795658676977813339e+00,1.780327064199211273e+00,3.300060218963284386e-01,7.442416160605668241e-01,1.607455597933541869e+00,1.537827527100009473e+00,1.019504998325580836e+00,2.432496444481786479e-01
4.785251689492784899e-01,1.752816055599661471e+00,1.721081723510469841e+00,3.284105135022510891e-01,7.776060415727166220e-01,1.528837736380521894e+00,1.698903929978505367e+00,1.345089462913696465e+00,1.599650468547711979e-01
4.789612242122668340e-01,1.708457616246511046e+00,1.712863758407012105e+00,3.107489882776369727e-01,7.597364480030482925e-01,1.769115443510109076e+00,1.694216331306801271e+00,1.297826260414010724e+00,1.881644713166273075e-01
4.793294416631641019e-01,1.720670523481897751e+00,1.704361366505258379e+00,2.937871562493531430e-01,7.458453874325311483e-01,1.711198740662445372e+00,1.723128072276223888e+00,1.329686636583206516e+00,2.375584609074769815e-01
4.799944277158154082e-01,1.716979905882936253e+00,1.704165117636115223e+00,2.716208714217533404e-01,7.231750680676359844e-01,1.805357531373837254e+00,1.914426681675517994e+00,1.356510183168035955e+00,2.181022309552120841e-01
4.807397008383013648e-01,1.738765916669247513e+00,1.753505570457378537e+00,2.512710973237941570e-01,6.988679278386565885e-01,1.699416828661737044e+00,1.783498805991491132e+00,1.346246437811913665e+00,2.069627804672522220e-01
4.814065739671464228e-01,1.728312225429887050e+00,1.756424087826155445e+00,2.338697257266375007e-01,6.779973810519370758e-01,1.639162993838762183e+00,1.544494062459064621e+00,1.052273558874706305e+00,1.922157200686266110e-01
4.809753749308744442e-01,1.711169743569887602e+00,1.713293285059223736e+00,2.315126136783542121e-01,6.974945765424407362e-01,1.823357652146284646e+00,1.696186752418290311e+00,7.606058428362961754e-01,1.707146318973450927e-01
4.796025205448297135e-01,1.724115772069005681e+00,1.707109969893585211e+00,2.411539988492406306e-01,7.518213389010377501e-01,1.985582958515482277e+00,1.682161222134298306e+00,1.333604769556989256e+00,2.158866354852601310e-01
4.803255426093607783e-01,1.788971954783475704e+00,1.695914775029499610e+00,2.243715572164281802e-01,7.304069993007464845e-01,1.781429444279681418e+00,1.582483374672246645e+00,1.336358778369615141e+00,1.805215560149046050e-01
4.809253582066196353e-01,1.786676803413417280e+00,1.667427284354968453e+00,2.111347457179308107e-01,7.126153431807126237e-01,1.924460325150136875e+00,1.814205769717499361e+00,7.701606600377968181e-01,2.341107621502069858e-01
4.790823689782761630e-01,1.808555167993872281e+00,1.686003911419131196e+00,2.227880077561336380e-01,7.880756335195906459e-01,1.912132216175113530e+00,1.897598783058531691e+00,1.286733885111038145e+00,2.304972527964638251e-01
4.796689450730068360e-01,1.834431237875651100e+00,1.735045200620869643e+00,2.085166554514585602e-01,7.724335471456087454e-01,1.911696996177487895e+00,1.761214800939043590e+00,1.098389504444541531e+00,1.831234287825357354e-01
4.794260597751234254e-01,1.847880723403608094e+00,1.735249715961007189e+00,2.047780168730268247e-01,7.869067289760833805e-01,1.714471850524468044e+00,1.591353618655808155e+00,1.418152645615869067e+00,2.100052536375151546e-01
4.804978894143437929e-01,1.812671253459008813e+00,1.693062620463217094e+00,1.875391130652635796e-01,7.516276452138852537e-01,1.712513014285474311e+00,1.552835341393294932e+00,1.282870331516166473e+00,2.358701667266083768e-01
4.810377196336546035e-01,1.785681485391281020e+00,1.650903086779456741e+00,1.754147178163133758e-01,7.370359618590640594e-01,1.723371963643913984e+00,1.674992795909786558e+00,1.399936238705529190e+00,2.411605434742536413e-01
4.820843976150812615e-01,1.767063113356806214e+00,1.652619999646466553e+00,1.592620857074557583e-01,7.022963944326142682e-01,1.805900501582726969e+00,1.718428059507394634e+00,8.915278637455698041e-01,1.832287813585476155e-01
4.811626564712390142e-01,1.772401565046100025e+00,1.658234652547433186e+00,1.624467988591641321e-01,7.431123142098069456e-01,1.987461734107216049e+00,1.858877273025415722e+00,1.440939921503749055e+00,1.835056774055012496e-01
4.820897083204019884e-01,1.822073879343988789e+00,1.700878732623326339e+00,1.498042840610825099e-01,7.109376070486176369e-01,1.951639055339145390e+00,1.590009643239071568e+00,9.818838803880494126e-01,1.988967387904593265e-01
8.472034267672391428e-01,1.277525424108697294e+00,9.235487558347412751e-01,8.131659190739894960e-01,7.504969087871389277e-01,1.810997461059935976e+00,1.616389408874353117e+00,8.360507404169832402e-01,2.043092307036330768e-01
7.856895073029414034e-01,1.358439075606140189e+00,1.027343314722100498e+00,8.407901145728395864e-01,8.084193993289450209e-01,1.867813200975760424e+00,1.788068532940462418e+00,1.429738022385157237e+00,2.353296646748375964e-01
6.966918922298556138e-01,1.501110627811482301e+00,1.239449749682292490e+00,7.598338694104581625e-01,7.658336447741099784e-01,1.930517684327614392e+00,1.563867720297418051e+00,1.438076922059938756e+00,2.076191945600327493e-01
6.396944806616842172e-01,1.609759905267593050e+00,1.318687861361387714e+00,6.936972614021178485e-01,7.288641595882064950e-01,1.879342126665998425e+00,1.694552216718324011e+00,8.251130147791412295e-01,1.668179680629858497e-01
6.164902024159492067e-01,1.642351515885225099e+00,1.362929670284916517e+00,7.141864200412958441e-01,7.758884700844518312e-01,1.917106245651466256e+00,1.956476086870393871e+00,1.451036713712142268e+00,2.482651315216969357e-01
5.743301469599850773e-01,1.722919654580901128e+00,1.537289048820136506e+00,6.384527559707410260e-01,7.289668547123772102e-01,1.855329305977949872e+00,1.811310715208538369e+00,8.734221252309661843e-01,2.446798267920625158e-01
5.528158040773613058e-01,1.745708711009523073e+00,1.584230157145198215e+00,6.584725562699120793e-01,7.895960751879311790e-01,1.783973467225673515e+00,1.519504075877271099e+00,8.756515713153819602e-01,1.892778001006387989e-01
5.387548464750193666e-01,1.749324467348951861e+00,1.569306554092408712e+00,6.741036365152873744e-01,8.395699607441913237e-01,1.533863360779656348e+00,1.530067550548690480e+00,1.301978031183675721e+00,1.910081651791491475e-01
5.243529400679408647e-01,1.699588624321624941e+00,1.555660077612531778e+00,6.362648258612356722e-01,8.233377801768654303e-01,1.882329601389002294e+00,1.729209265239588289e+00,1.390561491357717561e+00,1.821939450206467026e-01
5.135519694785524170e-01,1.738723309928726479e+00,1.590025730182316632e+00,5.925061776415755377e-01,7.952071776890717869e-01,1.656401873819665083e+00,1.734973156271792050e+00,1.058360379047581956e+00,2.123827601927556485e-01
5.046281248995557744e-01,1.719946422251313445e+00,1.613851527217108561e+00,5.851556332152706430e-01,8.194527443523798027e-01,1.992465016458442317e+00,1.998098593715616378e+00,1.035196249742949881e+00,1.558232121442044427e-01
4.991959950596508988e-01,1.758986577257851680e+00,1.666955097955438392e+00,5.819172959995568828e-01,8.407393228555113396e-01,1.689602435022476090e+00,1.861760838293899933e+00,1.497756974163012345e+00,2.486424462853817907e-01
4.928342734035353057e-01,1.735067806810886015e+00,1.721963861230012549e+00,5.140634034809355990e-01,7.806797695097104084e-01,1.504622454705781820e+00,1.526833813719520538e+00,9.547067093985091013e-01,2.116961765778748727e-01
4.882328322578692870e-01,1.690894117887977055e+00,1.680740681716713869e+00,5.189694754775592278e-01,8.222580061051107947e-01,1.684346282657043226e+00,1.853334593795551877e+00,1.266179133838297721e+00,2.296272238862292203e-01
4.850351171134445472e-01,1.687298270950094325e+00,1.718717636594950582e+00,4.881448699929489266e-01,8.098121951339763980e-01,1.548433724216379259e+00,1.768065294856604464e+00,8.073905837431896160e-01,1.702310054585084165e-01
4.819786856692512278e-01,1.667927830986056126e+00,1.720353701943239999e+00,5.043800055851771491e-01,8.657709894111932369e-01,1.945016886207814322e+00,1.752778732715469356e+00,1.447132185791461190e+00,1.577952398709788484e-01
4.812313113345979554e-01,1.723335376816316433e+00,1.722753831052378448e+00,4.699787442223281597e-01,8.326250669009710448e-01,1.811713641468542857e+00,1.635794305567575879e+00,1.255907526639349125e+00,2.488859387592231021e-01
4.798193445750000286e-01,1.745300483937252789e+00,1.693024311689939054e+00,4.409256234295121368e-01,8.210700636376022654e-01,1.716765009222495753e+00,1.623307752280312766e+00,7.656817306176149085e-01,2.133954977435143507e-01
4.767651818080425041e-01,1.739278289078317163e+00,1.676507925101529128e+00,4.634966253769581823e-01,9.008156310857021731e-01,1.709571501988421005e+00,1.800686556400472593e+00,1.094039961487453860e+00,2.492982200275778437e-01
4.752452672272614587e-01,1.730229907228312491e+00,1.699211631462034244e+00,4.527085361304937217e-01,9.248736077946623224e-01,1.548382154159575252e+00,1.731486885422799826e+00,1.490901098482878773e+00,2.256534306467381235e-01
4.763277201364885527e-01,1.676392463770730146e+00,1.702399354566177303e+00,4.051660250144988318e-01,8.660510832808675508e-01,1.887308123706926244e+00,1.711356932829639410e+00,1.032677961245475728e+00,2.355826027632032527e-01
4.750597790102989437e-01,1.720459408841317428e+00,1.697798780269559549e+00,4.020179467118751293e-01,9.008241947460512433e-01,1.765564908042911663e+00,1.661415801539275705e+00,7.680665816482089570e-01,1.759562983046310536e-01
4.729510450864169435e-01,1.724867368690571556e+00,1.687750159019866913e+00,4.187347668477125473e-01,9.719496320984397641e-01,1.851401819100521262e+00,1.563768716990781682e+00,1.027138179106638294e+00,1.680546879997623921e-01
4.720898289941953818e-01,1.743720115477768839e+00,1.662680059235597252e+00,4.167994627064403601e-01,1.000560104484705448e+00,1.659394841244024921e+00,1.989684260216582956e+00,1.322602877687121703e+00,2.331773500532752508e-01
4.728771552599539962e-01,1.719674897049610074e+00,1.742873686253016308e+00,3.865488306912397976e-01,9.723043679220878532e-01,1.982683529638732622e+00,1.901623914696141115e+00,9.896387165138483821e-01,2.416921787969188995e-01
4.715490650610644763e-01,1.774196887288537861e+00,1.769158297305583716e+00,3.874782147955285194e-01,1.022968728866475052e+00,1.693319639079554850e+00,1.987960717155383916e+00,8.410137999864952807e-01,2.045193501511426426e-01
4.695120387272350149e-01,1.759969895923887417e+00,1.796738032716498124e+00,4.002511802101116900e-01,1.100881410201054234e+00,1.721824720599980374e+00,1.699400299893332411e+00,9.163076211531553383e-01,2.155697955951677569e-01
4.677743091008054743e-01,1.751595612259241097e+00,1.771395635184674466e+00,4.075008115122519814e-01,1.170268697804909053e+00,1.746780707390347187e+00,1.661992243181919848e+00,8.941430027032568617e-01,2.242603621475026121e-01
4.657235609550374189e-01,1.749104222077409343e+00,1.742762142721885121e+00,4.172511222180861901e-01,1.253320658554439415e+00,1.589599594316502440e+00,1.996370317037372111e+00,9.073372624196283098e-01,2.305515078558515452e-01
4.636152602596648742e-01,1.717232381103587890e+00,1.781202423051533090e+00,4.262191895717917234e-01,1.340763306872165828e+00,1.811750443702718760e+00,1.820739852050717644e+00,1.310529637174326689e+00,2.054949071695881258e-01
4.646924159646537156e-01,1.738199159385230397e+00,1.782114429019772794e+00,3.998298647903624770e-01,1.310586847262841248e+00,1.852544302033029666e+00,1.560489021350423222e+00,1.191709405882841688e+00,2.479561713987773752e-01
4.649416716774665836e-01,1.765968852686572221e+00,1.715170053718882759e+00,3.812260828090154874e-01,1.313203424611344428e+00,1.683538138234926151e+00,1.669986128522837898e+00,9.368723071585400852e-01,2.497556436860074169e-01
4.629084160931670189e-01,1.747069708727071902e+00,1.695010712219998439e+00,3.872432600984875295e-01,1.402348895566262632e+00,1.836754572574417654e+00,1.625716497160752505e+00,1.450220054048663609e+00,2.460278832095151580e-01
4.654441319025332535e-01,1.772686976289447713e+00,1.664093971836504871e+00,3.465755660577261033e-01,1.318525071924176117e+00,1.812867609169960703e+00,1.780539796306263911e+00,8.715923894094133040e-01,1.788563686376331563e-01
4.635965957428372364e-01,1.777377168528372797e+00,1.672975192109745990e+00,3.546009307980829695e-01,1.398253613563951392e+00,1.572944012590110185e+00,1.867729705649675997e+00,1.488897055472933939e+00,1.668228681291870907e-01
4.655225804442216786e-01,1.731292992702077926e+00,1.708814780851636517e+00,3.267946863663830359e-01,1.332400814551333523e+00,1.601346603687522796e+00,1.829795782826774797e+00,1.042303695054090706e+00,1.508742763269124432e-01
4.648860119600477514e-01,1.711481987743651345e+00,1.719791398762680945e+00,3.246944037364767888e-01,1.364432801160819109e+00,1.926049716574851800e+00,1.836259083831975003e+00,1.081377214424057431e+00,2.456462056247084302e-01
4.641639750962833766e-01,1.760389227796845146e+00,1.736483097348038740e+00,3.182345700294600954e-01,1.404694332780569432e+00,1.799406676218006762e+00,1.555297041305520267e+00,9.119126354628177555e-01,2.459001811949254046e-01
4.618604460616781426e-01,1.766882590702652189e+00,1.688632169020851004e+00,3.251692892078189567e-01,1.507765047828022453e+00,1.703128861421593143e+00,1.710099418433617346e+00,7.655308280806187859e-01,2.348148620572373946e-01
4.580953351320815603e-01,1.754990147294633873e+00,1.680096955164984029e+00,3.435445691266471591e-01,1.669746579893643501e+00,1.667196908235442976e+00,1.699793922422650372e+00,1.355072537924121745e+00,1.569948210131776600e-01
9.049202562548029904e-01,1.024168393092746765e+00,8.151181722174634103e-01,8.463183046951904265e-01,7.831547854052172131e-01,1.675823502738759130e+00,1.503072984332216588e+00,1.207428899295929892e+00,1.544823082855119323e-01
8.306712614798205108e-01,1.133013541746801245e+00,9.285126734623448952e-01,8.195600302270381610e-01,7.822280431644238474e-01,1.650291982547160474e+00,1.563016613340522110e+00,1.481515541459845542e+00,1.711568711409665322e-01
7.511134864107121833e-01,1.246783502828064050e+00,1.066792790207379493e+00,7.546501788859546478e-01,7.454010589427867428e-01,1.815747044281991185e+00,1.611767894018941716e+00,1.336096613886645468e+00,2.413734256125571742e-01
6.748631506528994795e-01,1.401037056516833745e+00,1.211952033543957530e+00,6.957636548502842411e-01,7.212736601061856545e-01,1.857389943009475131e+00,1.927353852429702696e+00,1.387590995705052066e+00,1.617281938244100326e-01
6.350147697860784035e-01,1.491101990484010820e+00,1.352452896314797259e+00,6.534352834507088925e-01,6.996941942710284135e-01,1.531409069775508947e+00,1.538847612739925319e+00,1.069832530368119983e+00,1.691879541858448133e-01
6.077804376821838162e-01,1.495851968018610867e+00,1.379499608736716176e+00,6.457126289006924758e-01,7.152483325096355982e-01,1.598353822588677753e+00,1.947633436043513022e+00,1.150074617163631352e+00,1.583461522884969108e-01
5.852722645442633986e-01,1.511170589580043799e+00,1.470589801368937577e+00,6.305047482718381113e-01,7.208996557959038709e-01,1.915062685961825606e+00,1.880731862994876824e+00,1.084100938461362684e+00,1.866855522069194584e-01
5.643204511283627101e-01,1.583304433499701735e+00,1.541551603466978282e+00,6.206323401952682506e-01,7.366374972712604885e-01,1.824365918277053300e+00,1.900492817717899463e+00,1.027251852722612657e+00,1.972246310468262764e-01
5.468389036909532264e-01,1.625486296821904375e+00,1.602797979527655681e+00,6.172533835345153097e-01,7.621362982229533678e-01,1.724804861677717849e+00,1.832352577963568763e+00,9.962896278708917031e-01,1.825315398971232295e-01
5.336403129409408308e-01,1.640046892493305153e+00,1.636456187874716139e+00,6.176234512790482745e-01,7.909796911962880817e-01,1.780590318133054240e+00,1.848680847251268133e+00,8.578038455950967034e-01,1.822807389171094972e-01
5.231133712542369585e-01,1.658386057490885079e+00,1.662349187205772738e+00,6.337931710873896396e-01,8.418708466389138723e-01,1.557757059014966305e+00,1.626521874155453240e+00,8.478521450083709166e-01,2.417563590512259719e-01
5.110568843937446371e-01,1.636972999724052524e+00,1.648893807815711599e+00,6.574746372745590151e-01,9.166754957688114658e-01,1.946912001803881020e+00,1.747556791037325086e+00,1.104803088244305842e+00,1.701222606762833323e-01
5.034602063464277411e-01,1.688238504654839156e+00,1.660764854959502879e+00,6.458089260619852556e-01,9.316051335157036206e-01,1.774839803106082803e+00,1.663708098775342092e+00,9.565654529200250389e-01,2.498895720696556189e-01
4.943514029725570302e-01,1.703925802151325053e+00,1.653831333995717801e+00,6.527872352407660950e-01,9.899953081713430691e-01,1.521094259953202021e+00,1.538401976537635996e+00,1.337104413077383258e+00,2.352450349835041588e-01
4.882938869378155022e-01,1.651882798424268772e+00,1.615546299415112408e+00,6.029412187996112671e-01,9.585184679345248870e-01,1.600114540274083952e+00,1.508354134144838099e+00,1.120625661312561139e+00,1.880059920913526306e-01
4.843114906102936046e-01,1.640076856705310115e+00,1.589341302856767335e+00,5.893726405593929796e-01,9.728851040996391308e-01,1.734163452831606334e+00,1.855879011164387693e+00,1.399272982971534462e+00,1.773023299721593893e-01
4.821397836161110395e-01,1.659095435649617922e+00,1.642786522664877680e+00,5.490390135579947817e-01,9.390690881428390702e-01,1.912706966460399727e+00,1.581974055182610250e+00,1.365946427741171476e+00,2.060122593884472220e-01
4.803930946025558035e-01,1.719729884771663109e+00,1.621934394528980361e+00,5.091116008454447117e-01,9.074603219632970674e-01,1.553141466743986232e+00,1.865838104354924587e+00,1.216311044331495506e+00,2.339932945542427256e-01
4.785268137560866331e-01,1.676338344693307114e+00,1.676071324024214437e+00,4.839321097692844131e-01,9.039514931756115201e-01,1.820265131005753823e+00,1.810639715171328934e+00,7.877885957648363968e-01,2.339084078713281611e-01
4.748535586870886727e-01,1.698564086431815223e+00,1.691586665365173214e+00,5.085135813368468760e-01,9.954634095774018698e-01,1.611137292937695698e+00,1.938396989591325559e+00,1.215925224223100898e+00,2.314378123702190149e-01
4.739246851518679193e-01,1.675098249433999431e+00,1.745277961493727492e+00,4.836744014167026484e-01,9.917450803957809091e-01,1.580638350419879323e+00,1.552710056595568267e+00,8.951072464774487702e-01,1.633677696030078619e-01
4.720616095448314509e-01,1.660805145546116801e+00,1.713587064139377114e+00,4.919991801600251957e-01,1.042364225179661652e+00,1.978403826965335899e+00,1.823516889335076829e+00,1.267319262359377419e+00,2.128875365931980901e-01
4.719836469036375326e-01,1.734478345881005135e+00,1.732843321830590089e+00,4.647345244900376593e-01,1.027478569891292270e+00,1.508421890792919218e+00,1.509218675494641726e+00,1.161826402821682258e+00,2.104646003400265919e-01
4.714687225383582536e-01,1.683636450498845250e+00,1.677356612250653134e+00,4.491312463998501925e-01,1.035713249004156289e+00,1.679035182501175782e+00,1.586948207435379121e+00,1.243654958473739303e+00,1.808507414978665628e-01
4.715581133318189067e-01,1.681335576587273506e+00,1.653184095950570809e+00,4.297343005528587168e-01,1.027522434161648013e+00,1.694516916806276363e+00,1.958100480939822141e+00,8.770837970380288562e-01,2.124642327933309871e-01
4.694757652338615306e-01,1.681955323551090231e+00,1.697832497669094165e+00,4.410646580539173134e-01,1.100464903179330545e+00,1.824442163041740450e+00,1.835552153287338228e+00,8.933393245618049816e-01,1.799419174935937005e-01
4.677619037453520923e-01,1.701719652987049969e+00,1.711664482145036859e+00,4.495767844343677710e-01,1.162861602082327250e+00,1.670714660295926191e+00,1.561953493456307740e+00,1.272776893458841041e+00,1.779915213794368012e-01
4.682440475020679393e-01,1.694069483720098690e+00,1.674718519451440457e+00,4.282348593807963621e-01,1.147844791288447963e+00,1.746980155288127889e+00,1.527733022584785383e+00,8.504384526737536198e-01,2.216516525932765713e-01
4.658323958353138283e-01,1.701483270039896745e+00,1.640885214655682933e+00,4.426278989796610941e-01,1.240295045183353650e+00,1.508068310523498212e+00,1.989954506577534143e+00,8.087398394426568160e-01,2.383794007705197227e-01
4.627201145021443973e-01,1.665606817413449736e+00,1.692243603731428347e+00,4.632310216753591781e-01,1.361547419444758544e+00,1.979534035590883256e+00,1.988951986403764804e+00,1.072414635771684832e+00,2.211382970633058442e-01
4.619082374979975314e-01,1.730346258787254676e+00,1.745456045489837349e+00,4.558280503872143008e-01,1.400435328475338137e+00,1.938269557669660914e+00,1.515908685870137607e+00,9.602010618642544681e-01,1.532893686422110713e-01
4.606798161040623896e-01,1.757585011298155475e+00,1.706814461316406684e+00,4.585872883512498999e-01,1.452822649956459822e+00,1.775847147276615079e+00,1.788893965002293918e+00,1.103377133320119885e+00,2.094398030218966311e-01
4.601644804294059976e-01,1.759728838881249313e+00,1.714086140028076466e+00,4.487247402759786397e-01,1.482446248429030611e+00,1.728182101911800439e+00,1.502363522145692798e+00,1.239412737402991960e+00,2.054722075925743408e-01
4.607751212126514062e-01,1.751079481726142584e+00,1.656834913010535759e+00,4.271449103674788694e-01,1.470413718670321002e+00,1.858355882199931308e+00,1.896694333628365037e+00,9.095356014471379646e-01,1.993091337836946642e-01
4.587381937545921828e-01,1.767385335719476647e+00,1.686916887906244833e+00,4.348796140054738135e-01,1.557999100564280370e+00,1.783938304514702811e+00,1.912129705563136994e+00,1.343689363197540620e+00,2.088615149200101495e-01
4.602649665044070137e-01,1.769977996417448685e+00,1.732355749450354532e+00,4.047123418142010154e-01,1.511855823972483526e+00,1.637820123538263228e+00,1.748627013034156796e+00,9.781578632541008123e-01,1.860050378854032627e-01
4.588735101528469418e-01,1.746624346503704350e+00,1.725785365885249556e+00,4.063276183931208707e-01,1.575482751011735294e+00,1.963409492542018908e+00,1.621513890653446310e+00,1.279507498776889296e+00,2.218873381684209056e-01
4.599191578300140248e-01,1.798966526099358365e+00,1.689213502571399683e+00,3.818522083850381388e-01,1.547846108352041394e+00,1.852813258926905515e+00,1.872005491872441141e+00,7.784700232964831823e-01,1.698047927005474911e-01
4.572074000581127784e-01,1.804449444168442218e+00,1.702849775245515174e+00,3.964635081283158224e-01,1.662678078201547338e+00,1.522371276716936839e+00,1.914144458234440682e+00,1.031229943783340541e+00,2.338692778092296143e-01
4.558528553818986806e-01,1.742226307409242558e+00,1.735794325185962661e+00,3.935391674046237465e-01,1.729524870823839544e+00,1.851133905365641708e+00,1.644921583399845399e+00,7.719052635489858094e-01,1.742458069777685359e-01
