1.131564286281731224e+00,1.780345037346108716e+00,1.397450361131518992e+00,8.450852743866620331e-01,1.047498925392928326e+00
1.009241330620712196e+00,1.736506098708323620e+00,1.573390915427103076e+00,7.893741682580163177e-01,9.622000692050269866e-01
9.095872015031288838e-01,1.737707609603756698e+00,1.671699114610348147e+00,7.390987189317016481e-01,9.140231189116901911e-01
8.060042461500046551e-01,1.676143088969659134e+00,1.673972498358815120e+00,7.037936978832424195e-01,9.501439428619424810e-01
7.661689162683907872e-01,1.826616794862265136e+00,1.682570240354011037e+00,7.139369324121446203e-01,1.009438991079040449e+00
6.508539985356426305e-01,1.730292975509734044e+00,1.624231435532041079e+00,7.263034097522020893e-01,1.072255903508802843e+00
6.325474224357120479e-01,1.781228890302743340e+00,1.705271709564609495e+00,6.657298144595642508e-01,1.092312307226718238e+00
6.078646400474231326e-01,1.835944776709516280e+00,1.847603104402364638e+00,7.128769314588531136e-01,1.105852388254824126e+00
5.914851478311591304e-01,1.709707477267968123e+00,1.835368610268604872e+00,6.462157932099336088e-01,1.118924210286379450e+00
5.308284993031904264e-01,1.707997777425640518e+00,1.718194131707942773e+00,6.367287808178229147e-01,1.164423403214313035e+00
5.266354965408819311e-01,1.736322394475645625e+00,1.695985054418622129e+00,7.023253948380923095e-01,1.186767156281663516e+00
5.260955128557327498e-01,1.785786140045728665e+00,1.753380553947720744e+00,6.593421538531984982e-01,1.260880750274717466e+00
4.826931844942478067e-01,1.737825463956158112e+00,1.683516552709927394e+00,6.702547673903781478e-01,1.285374265962060614e+00
5.083382622818367613e-01,1.769233424235337360e+00,1.838958580296718104e+00,6.224104971325656877e-01,1.358470992733210148e+00
4.818561168489843838e-01,1.747495025855346773e+00,1.639020998271866203e+00,6.428366000849208284e-01,1.375812137740642704e+00
4.972098885409474422e-01,1.752021880550021393e+00,1.708624335277048711e+00,6.090639773482906527e-01,1.406884652484323928e+00
4.802417042147741899e-01,1.694562431931235569e+00,1.701462442543667297e+00,6.119364537420401984e-01,1.388513176287845319e+00
4.842722067015056697e-01,1.680266711525089551e+00,1.635828538255119202e+00,5.547672200828067668e-01,1.337629609668221198e+00
4.698646798783808753e-01,1.790661115298731731e+00,1.655928327948954726e+00,5.463178367605519004e-01,1.409611613856771140e+00
4.596973442364760132e-01,1.803640317780478286e+00,1.580517911695160649e+00,5.335295940294978445e-01,1.449171271717197840e+00
4.776069622849207219e-01,1.795176715466388018e+00,1.616285363213270099e+00,5.392520747085788324e-01,1.504928425573387019e+00
4.699374641414243992e-01,1.745888736621990622e+00,1.539904442801169004e+00,5.111329141170419810e-01,1.488457254082182768e+00
4.660779991478365969e-01,1.764911104580365819e+00,1.656483298348301547e+00,5.027869440072925133e-01,1.442593454353410243e+00
4.433812587859523036e-01,1.700966602082768730e+00,1.644965497710874081e+00,4.492250951040326901e-01,1.410182651423298461e+00
4.523395171200872422e-01,1.621629273467051213e+00,1.659375087015260819e+00,4.506871552520800850e-01,1.472956798887454788e+00
4.665278115421148120e-01,1.711851870154959876e+00,1.659947997126295594e+00,4.220392468780252426e-01,1.429725311386763620e+00
4.589143821102226739e-01,1.655787201813228693e+00,1.745676089780274332e+00,3.843319662876780729e-01,1.435988822962704470e+00
4.783776534144065784e-01,1.730721900055052664e+00,1.740077738406307972e+00,3.705678516310990656e-01,1.379802647600791632e+00
4.901948847336791149e-01,1.732039329100772740e+00,1.790139784373393050e+00,3.377618226184693762e-01,1.305420158663143537e+00
4.832823047829146734e-01,1.826872587024970018e+00,1.847844961044867063e+00,3.064074720655433071e-01,1.194772177985967687e+00
8.568401049847772510e-01,8.098801948423519637e-01,7.868932314700918251e-01,7.181091770255414453e-01,5.788414015632228349e-01
7.956694378418626146e-01,9.831913932394249489e-01,9.650109967200197758e-01,6.725854108634292672e-01,5.955082776013022050e-01
7.519027984475166182e-01,1.164227839759743421e+00,1.022707380115596143e+00,6.899152512261741421e-01,5.920029252595558900e-01
6.880981138057692403e-01,1.227530632900328822e+00,1.140577088011251128e+00,7.047101159242210588e-01,5.983318810463730264e-01
6.511488043956151772e-01,1.485452821491261899e+00,1.260845098145167098e+00,6.328015956240850004e-01,5.783995025430270776e-01
6.045898028689240533e-01,1.496536883146005081e+00,1.302954382466315897e+00,6.158372974572516867e-01,6.219588202814003708e-01
5.615709763174022706e-01,1.657083787232804584e+00,1.434064213845418267e+00,6.404491662869665758e-01,6.659700759792023250e-01
5.569120825206426151e-01,1.664974354842318593e+00,1.431352467251111760e+00,6.227578688581900668e-01,6.729243391753317871e-01
5.464639982170940158e-01,1.661334311151507537e+00,1.487306274924553362e+00,5.850686332093008035e-01,6.847063800124277844e-01
5.349304164215720192e-01,1.722903924222041194e+00,1.525570291166661763e+00,5.791741609718776829e-01,6.507049298273790416e-01
5.142618394849488572e-01,1.713939835343078588e+00,1.571412033547314069e+00,5.768996681293414586e-01,7.270961891773426444e-01
5.002660595968180246e-01,1.717218869687829885e+00,1.534219514931050909e+00,5.907639882381645613e-01,7.447032434837326242e-01
5.007644736544650810e-01,1.765091010691861362e+00,1.655028924602795604e+00,5.580927930630891209e-01,7.427673918625792293e-01
5.097788425461381445e-01,1.702637548203815854e+00,1.634429197194508410e+00,5.348207808982808897e-01,7.233169518008235599e-01
5.056318165684586807e-01,1.639410993014026596e+00,1.598157427325944901e+00,5.744045362942551414e-01,7.635850463000358745e-01
4.894397728308252371e-01,1.719939295862353612e+00,1.646900091644127651e+00,5.888706331583998255e-01,8.474493103437689134e-01
4.997666435594317336e-01,1.754786525975269296e+00,1.672976986077351791e+00,5.901597046558557658e-01,8.968788301839573096e-01
4.742435628236489342e-01,1.711845065033904767e+00,1.590411906470328152e+00,5.187143714531092797e-01,8.670749420094747695e-01
4.886895318440765412e-01,1.845114487766344125e+00,1.615308444847274760e+00,5.386984863906147947e-01,8.821561589963095029e-01
5.259868508006797505e-01,1.630436913433297219e+00,1.603348098509279618e+00,4.924743941217499810e-01,8.831384457669382293e-01
4.909450642376638752e-01,1.747414303380099732e+00,1.628163624385196240e+00,5.423768102005338543e-01,9.485157665041885622e-01
4.511514747228353439e-01,1.740231933446684698e+00,1.629594760301146472e+00,4.987530565213025291e-01,9.613065469805593954e-01
4.696863520806829895e-01,1.664087600053432148e+00,1.725733441792212775e+00,4.608766991583140293e-01,9.379617862885497592e-01
4.701258091459224464e-01,1.724327379152107875e+00,1.748991565812260562e+00,4.566056393621446552e-01,1.002386355611888602e+00
4.501698535992101347e-01,1.581595681995956237e+00,1.778460893852247260e+00,4.836154308039420369e-01,1.076158346469516358e+00
4.786850839665284241e-01,1.719939865627657660e+00,1.757368760439141919e+00,4.421838205228751928e-01,9.803203440993003559e-01
4.649861458908389200e-01,1.699183711969499022e+00,1.753477056302438886e+00,4.459493115708569322e-01,1.031067323083859621e+00
4.728406794593691953e-01,1.703626126466235124e+00,1.633909195955172811e+00,4.601308620973771912e-01,1.088920386299010001e+00
4.674621597043663868e-01,1.729365380469901403e+00,1.681088025180851542e+00,4.712047591677364089e-01,1.172751431741762884e+00
4.589546393928789492e-01,1.601788516784174998e+00,1.703022039170188684e+00,4.612024877640445442e-01,1.144749409274350649e+00
1.251105912879773019e+00,1.038798679497542565e+00,1.263196688711898608e+00,9.897478775209226365e-01,5.489960026033807727e-01
1.107723180359724502e+00,1.139799038368076056e+00,1.295392818561430071e+00,9.933086330574258938e-01,5.724019279541778804e-01
9.732351088925148552e-01,1.248591656748386569e+00,1.419321824447441927e+00,9.264826233317881021e-01,5.768355495663441967e-01
8.488444404439059454e-01,1.339513029361651064e+00,1.509587366021712507e+00,9.706018358920343037e-01,5.793362760520300858e-01
7.765664266312698460e-01,1.356061167376247933e+00,1.534385834260117321e+00,9.461518274171905052e-01,6.035547839935071490e-01
6.974888366060897349e-01,1.540739992489650101e+00,1.579049024220076314e+00,8.153979791737948624e-01,5.574581981645763129e-01
6.390389542555792168e-01,1.516978295976405100e+00,1.751126734152567366e+00,7.623263698092301865e-01,5.441040950693665224e-01
5.999636539662110968e-01,1.765268974035795635e+00,1.736530045987235926e+00,7.611597467980782961e-01,5.301077600634949150e-01
5.772625175684128473e-01,1.695784895303269479e+00,1.674659327675422693e+00,6.628213238630256132e-01,5.153048803778945697e-01
5.700542106598480707e-01,1.765532497844953586e+00,1.724942138737164843e+00,6.392117217233587168e-01,5.172762140324614899e-01
5.364676373878306537e-01,1.745493558082514607e+00,1.721990676344601123e+00,5.922428264910700735e-01,4.849126866509652078e-01
5.162582268407387431e-01,1.770256266807717749e+00,1.625656910931078114e+00,5.778078781416191578e-01,4.989071181890111784e-01
5.180170132908187286e-01,1.837397093218473332e+00,1.629171301061010491e+00,5.307524214730493517e-01,4.782032839122453693e-01
5.158796235194234026e-01,1.719649363990847002e+00,1.670508207507533038e+00,5.089590085387660778e-01,4.557511373847947245e-01
5.103776860006102867e-01,1.700754642025458674e+00,1.617584777972894905e+00,4.993553390764301492e-01,4.881487024489222781e-01
4.816828461823050023e-01,1.648492751028720393e+00,1.693327423546160837e+00,5.109554189305445249e-01,4.913950530187599086e-01
4.859952866748449285e-01,1.687081511103618814e+00,1.685400463037139529e+00,4.635194704406873645e-01,5.039303654927071996e-01
4.603800011130264602e-01,1.800019939798667368e+00,1.786308988418588317e+00,4.247802786705592859e-01,4.424328029745088764e-01
4.827306389794442931e-01,1.706372044379791619e+00,1.741158251054877759e+00,4.110427369658873897e-01,4.452401977367381192e-01
4.746166313079195898e-01,1.819093573790195650e+00,1.612174398861258240e+00,4.228739662875127814e-01,4.840430905287930741e-01
4.900590998155787692e-01,1.784507354416229541e+00,1.675300871351417253e+00,3.794745209269754782e-01,4.766676959652391687e-01
4.986138456101521510e-01,1.698591953468026050e+00,1.780555175597973827e+00,4.053656436731249424e-01,5.127695417499080754e-01
4.662310317105032298e-01,1.853701513966435677e+00,1.864454183310270796e+00,3.811231361237044091e-01,4.879615387230500922e-01
4.866930453528277578e-01,1.809166642177572504e+00,1.761219992765543862e+00,3.425558940599587321e-01,4.886202239668890890e-01
4.853982132559791496e-01,1.785530463018265346e+00,1.698235520287128208e+00,3.183694394264455219e-01,4.465606127425194583e-01
5.058660990723987672e-01,1.743317822238495518e+00,1.734663014640708267e+00,3.431470712885653640e-01,4.707538162293576356e-01
4.731325035980655236e-01,1.728780507573835390e+00,1.794815890920900214e+00,2.875939321360153067e-01,4.472429399860573529e-01
4.971698687795503835e-01,1.811033454196447456e+00,1.835160774096762815e+00,2.616842148703464321e-01,4.357515608044068567e-01
4.830246590438285748e-01,1.733383926282783483e+00,1.827395693351750783e+00,2.582800080492133055e-01,4.436042469686696799e-01
4.944745603343392859e-01,1.746024709766700989e+00,1.814627550607990969e+00,2.519914070104366521e-01,4.831915175380509520e-01
6.610142125314727446e-01,1.340334765421683949e+00,1.192367846481896976e+00,7.361502859281142674e-01,6.288680149393447438e-01
6.105672199399211353e-01,1.357467487857813904e+00,1.248487203100082432e+00,6.965222787955193118e-01,6.211780399402633268e-01
5.751525648928460521e-01,1.598785816627724010e+00,1.388581978922848403e+00,6.239929345750160339e-01,6.194391784007037272e-01
5.626323493013640764e-01,1.543294793924557151e+00,1.429925146364273481e+00,6.128219327254963433e-01,6.342802027728836611e-01
5.177793884658918877e-01,1.584508151197510539e+00,1.633040169580550760e+00,6.250221088242997602e-01,6.715377887943750901e-01
5.333099085940311568e-01,1.652214154161788739e+00,1.611170239806698046e+00,6.278407888370967083e-01,6.766420693452070978e-01
5.169277515255894517e-01,1.625691618681585515e+00,1.618993507613557092e+00,6.217184120640110168e-01,7.243851684790014733e-01
5.099773896651907945e-01,1.642156775284543180e+00,1.677673686191346825e+00,6.088950816944942446e-01,7.587979758606687719e-01
4.901679373076729962e-01,1.581627053240451275e+00,1.605003716095972255e+00,6.335227937317381430e-01,7.903199526841196976e-01
4.805373186323293466e-01,1.608813462463983601e+00,1.678141064566898821e+00,5.761441899231731778e-01,7.687366688042773788e-01
4.940154820587501772e-01,1.732775240978751130e+00,1.737270212303043904e+00,5.641570433826249564e-01,7.854751605391635527e-01
4.819688292686541420e-01,1.690243741098217622e+00,1.811285266114732506e+00,5.492561684830334912e-01,7.463454320666117470e-01
4.787165501849234284e-01,1.629774425982975838e+00,1.793187677245053235e+00,5.016051013550134607e-01,7.576631108224259892e-01
4.885244283368730400e-01,1.692335305336962303e+00,1.733010647748709721e+00,5.192240311949885001e-01,7.850534688651744641e-01
4.764247059419698394e-01,1.695806164323870879e+00,1.777293393610717809e+00,5.325460753104627187e-01,8.280519556904513134e-01
4.785239625261619167e-01,1.718517638608757503e+00,1.683136676501967077e+00,5.317849439818751467e-01,8.459755121493857111e-01
4.621874303859759836e-01,1.778051143175993332e+00,1.655778269959880866e+00,5.602573695790832309e-01,9.255144708152267530e-01
4.681013298201288086e-01,1.784670804829091795e+00,1.680050104278764556e+00,4.843444080738589230e-01,9.016837972599041073e-01
4.852891241480843387e-01,1.781682550725177894e+00,1.748222078138143232e+00,5.107241968458737791e-01,9.012640025768761110e-01
4.754667846858797731e-01,1.788078782054269844e+00,1.767918249519596641e+00,4.718210594553456372e-01,8.817269580180313593e-01
4.768641772038820781e-01,1.825057967619244881e+00,1.693722162165269385e+00,4.963849916604552992e-01,9.594673805918583209e-01
4.429383032788529739e-01,1.849850894156258585e+00,1.662152035557844743e+00,5.016118293395362970e-01,9.959929135806349088e-01
4.652421541011415584e-01,1.869815118161529677e+00,1.662300164895117449e+00,4.806441220749582133e-01,1.064416957425086796e+00
4.758355080857442077e-01,1.790548999893578630e+00,1.789498033529517862e+00,4.598413330291286627e-01,9.795668833443840207e-01
4.651731124013995800e-01,1.865763561096370093e+00,1.781040453958406156e+00,4.112514684821380051e-01,1.016345888352061744e+00
4.682144531406160493e-01,1.680582780271068444e+00,1.711946436398158022e+00,3.993782196328101719e-01,9.726528166591781321e-01
4.735921917422525884e-01,1.782133341535483417e+00,1.793579058977336160e+00,4.234079042938736492e-01,1.062857793484267344e+00
4.744644040428033227e-01,1.627799260352577715e+00,1.768083729306291652e+00,4.106096745427729733e-01,1.123903598754865119e+00
4.669270765728144590e-01,1.774519017214066796e+00,1.785169984621701733e+00,4.117924047454846748e-01,1.124728953926427355e+00
4.610561235637973820e-01,1.684797907991860022e+00,1.768118096669827777e+00,3.827089685297090926e-01,1.076303021608500110e+00
8.685537177055844271e-01,2.048670845829608123e+00,1.037115057813395413e+00,1.043671876277433741e+00,1.009415341143341083e+00
8.298786266121299660e-01,1.838142238788885940e+00,1.132155385978327322e+00,9.866839108891010124e-01,1.125396774128121669e+00
7.129788159490965116e-01,1.898664864025781940e+00,1.253734249410147772e+00,9.302111753582630316e-01,1.024950132635471078e+00
6.651086341207967934e-01,1.864036274128164195e+00,1.444387328740811549e+00,9.743442991262674102e-01,1.166845501435787025e+00
6.317769670455574138e-01,1.803710282271958620e+00,1.392018497883810602e+00,9.211749622122127334e-01,1.198806573463750746e+00
5.562391161204339740e-01,1.773011364317684357e+00,1.481706306740373291e+00,9.149505026967308385e-01,1.105368443924802824e+00
5.544656507146576985e-01,1.886127215686001168e+00,1.471311395051712712e+00,8.868665380087328298e-01,1.239886444117282105e+00
5.575019483563471434e-01,1.814174993857658347e+00,1.429391508424388446e+00,9.207179633962391252e-01,1.151908966705381010e+00
5.327506359003033598e-01,1.724235189238048083e+00,1.470311469673696081e+00,8.343608385427601082e-01,1.162235850360652467e+00
5.101540251201737153e-01,1.769406647859847137e+00,1.458848331389869024e+00,7.997614590467664319e-01,1.086741667122561150e+00
5.030099775891824221e-01,1.773600710219383370e+00,1.599829382229826846e+00,7.647945863970262437e-01,1.213123184018887413e+00
4.967581270995508613e-01,1.670164357210553563e+00,1.596141955918771060e+00,7.086712858824840700e-01,1.175816868158569006e+00
4.813047450202144750e-01,1.724354015411496688e+00,1.615290955022314900e+00,6.473865387905021196e-01,1.080923513404713043e+00
4.754163486324285426e-01,1.699411140614731641e+00,1.559773371656604901e+00,6.491325680140586085e-01,1.104895781998193494e+00
4.980125766121134001e-01,1.717428344733340051e+00,1.590963710724197178e+00,5.889125221843631852e-01,1.109293460241683515e+00
4.760147646365109897e-01,1.747019965369787764e+00,1.602645319362015597e+00,6.009526130541403832e-01,1.110932470019727170e+00
4.759479393298182148e-01,1.716754396342982547e+00,1.591899770764878097e+00,5.592473079820725612e-01,1.100072030123791844e+00
4.588623731976231301e-01,1.641536010942574730e+00,1.623843523197824323e+00,5.505672864541357736e-01,1.094385736271486387e+00
4.686011940074858440e-01,1.849112170695594193e+00,1.595639064886906322e+00,5.240593970703335547e-01,1.055283093090299662e+00
4.611143625994204021e-01,1.785119804070061100e+00,1.659731114702965193e+00,4.805601103336229474e-01,1.017989285513899445e+00
4.617702690553123768e-01,1.834163764382271022e+00,1.594470286795218072e+00,5.127843616602659749e-01,1.148053232227203235e+00
4.834243113824996385e-01,1.764055331438978635e+00,1.721277450762122241e+00,4.849736861157643575e-01,1.035349121656470084e+00
4.512649444287880063e-01,1.743123147701994835e+00,1.739799726947341751e+00,4.817696605630535367e-01,1.090697489494100836e+00
4.614709102364497606e-01,1.682499666334843935e+00,1.659562375835546000e+00,4.566460809801453635e-01,1.127449789738189212e+00
4.853306117275766884e-01,1.731830090480418027e+00,1.707212286873220686e+00,4.520928160051403966e-01,1.154611674092203222e+00
4.550065013704197581e-01,1.797035519764600853e+00,1.651867481056903175e+00,3.877086080532821111e-01,1.077532321426128759e+00
4.773489000242205904e-01,1.708376470859569896e+00,1.622746960553572926e+00,3.776819000818059102e-01,1.004204278222438296e+00
4.624158376875679988e-01,1.658211664224338522e+00,1.623863037500649753e+00,3.313119279337189416e-01,9.513528252104047622e-01
4.782899130902075191e-01,1.782947850352778918e+00,1.607808475889126010e+00,3.051388574639550266e-01,9.735216414501566273e-01
4.792105225907105082e-01,1.695644847934600907e+00,1.621849440593435387e+00,2.977068724497411445e-01,9.693805603554686012e-01
1.159147920726307568e+00,8.462734060683391180e-01,6.889072999308911704e-01,6.283851661438206726e-01,8.053629582976363777e-01
1.063657106631015425e+00,1.011686252907108896e+00,8.994384744343343341e-01,6.583690321323010242e-01,8.876391114788326764e-01
8.787946527008830833e-01,1.113238625864942932e+00,1.042585306969007863e+00,6.108274172490508747e-01,8.352400441508418538e-01
8.153044442961562277e-01,1.288118945690410078e+00,1.265809965072287380e+00,6.106357259704334739e-01,8.800833034719462988e-01
7.418992661213865691e-01,1.377718209132025029e+00,1.327605623746279218e+00,6.296581414233927143e-01,1.026903279631234955e+00
6.799386587137989935e-01,1.401712032007823794e+00,1.424107795745113592e+00,5.592156076140304410e-01,9.117879248102197520e-01
6.175583222170429876e-01,1.541808206344934540e+00,1.479307501920474444e+00,5.761682617523261607e-01,9.810084007377379844e-01
5.841669277208619837e-01,1.452885401478120952e+00,1.514071077408524202e+00,5.628822141008663626e-01,1.001704070108377032e+00
5.831211828960970456e-01,1.578584531064600505e+00,1.541502000758515400e+00,5.375036982418665010e-01,9.246000065959102399e-01
5.520485213128650814e-01,1.552672649285020468e+00,1.632696116275185627e+00,4.829605637049972366e-01,9.651409154067527307e-01
5.437132936849529141e-01,1.613452918286845561e+00,1.563314592136960668e+00,4.933569781428260859e-01,9.638392567473655914e-01
5.128885859145595472e-01,1.630440215436890439e+00,1.681412008814969772e+00,4.633088217870335312e-01,9.483243425456044928e-01
5.185086516862004169e-01,1.635198954681615247e+00,1.736568489998894904e+00,4.859502349283587597e-01,1.046380515135576061e+00
4.940418888910745876e-01,1.569851680845657960e+00,1.648992870169480041e+00,5.293508032962841447e-01,1.145263968289648826e+00
4.944217225286602901e-01,1.721814174040094958e+00,1.679867318186701874e+00,5.079214958713789141e-01,1.119112728392958722e+00
4.867046491693376442e-01,1.707672816467457722e+00,1.775667370094750730e+00,4.722049262255291757e-01,1.154416222729973240e+00
4.831573030359028187e-01,1.801796757770641744e+00,1.781063820532813313e+00,4.962717353216594685e-01,1.214361856491996239e+00
4.777381125033429154e-01,1.752923682009191353e+00,1.716387148945712315e+00,4.976191453533905795e-01,1.289104591091913443e+00
4.759539700205101531e-01,1.759427508876987067e+00,1.685811423113642737e+00,5.053638798912389873e-01,1.407278638144388250e+00
4.829673231872810280e-01,1.759029324572995545e+00,1.724517034967607332e+00,5.711663862123995683e-01,1.598561144908479559e+00
4.685948236019192858e-01,1.801477163075130727e+00,1.642794954116968631e+00,4.775682435892152911e-01,1.400001426601691357e+00
4.770854762050778519e-01,1.839577656582729315e+00,1.682474083300207424e+00,4.733707247235496296e-01,1.399311659309270039e+00
4.680783291008795421e-01,1.790036084453257681e+00,1.692012878372388451e+00,4.320667308727200728e-01,1.375868325883824017e+00
4.538495911153728746e-01,1.758946987490658032e+00,1.662716297464754467e+00,4.298062688362465633e-01,1.325367804067867361e+00
4.611598757701785845e-01,1.677212061807585863e+00,1.724132764244748595e+00,4.395359694967272968e-01,1.470993868963060835e+00
4.540796019030479136e-01,1.721857893944740203e+00,1.729147386676901377e+00,4.236210947960207251e-01,1.537352605926689098e+00
4.541133203046566202e-01,1.812596612093850590e+00,1.708254355107092559e+00,4.221295434389630841e-01,1.473071270918535625e+00
4.762131728576182166e-01,1.809355358809912051e+00,1.712496306788263922e+00,4.180712145179043548e-01,1.528527908017041526e+00
4.516763133925756901e-01,1.743555554510697547e+00,1.682436788474846567e+00,3.680505742558238258e-01,1.468109462277207289e+00
4.658756811114330154e-01,1.612129028896221117e+00,1.736986788720087826e+00,3.578087354108957507e-01,1.453043723068693449e+00
7.938607012132729013e-01,1.840531692444267620e+00,1.146104869538547621e+00,5.338310788021414233e-01,6.340282318389348637e-01
7.736529746709462918e-01,1.920961605955750384e+00,1.219272579307378424e+00,5.410490141689126009e-01,6.325273582960710961e-01
6.919756048633042278e-01,1.774225628485918804e+00,1.360541973305247732e+00,5.016706358465602422e-01,6.235168182290493633e-01
6.598441269181684055e-01,1.809548623350758056e+00,1.463419247386477107e+00,4.945391802821119120e-01,5.824621278102989352e-01
6.172326666614006418e-01,1.815755160837551285e+00,1.544813836730717149e+00,4.858470757571974885e-01,6.475810393108611951e-01
6.035417653071919464e-01,1.872456142467678442e+00,1.670187953161648142e+00,5.048254742268852846e-01,6.817816105308852626e-01
5.931516279693194171e-01,1.853285731781644907e+00,1.551513983418944864e+00,4.648331436884016177e-01,6.334545322327767014e-01
5.246182156714058742e-01,1.902867644229200739e+00,1.568263936468863085e+00,4.513438792042865910e-01,6.679061724302430836e-01
5.620680326409450700e-01,1.753382240713933005e+00,1.766034872404653733e+00,4.189380373776944166e-01,6.283433099129385191e-01
5.125214386996634897e-01,1.727323915373655039e+00,1.601312347641667300e+00,3.750387350627589211e-01,6.075803741271323943e-01
5.093338628018224679e-01,1.657639084891640024e+00,1.618596147284597997e+00,3.744357306650030748e-01,6.816262658070970648e-01
5.047975262769653915e-01,1.646483407985307901e+00,1.594848078735799257e+00,4.313188314642679155e-01,7.320357814222111514e-01
4.982203887960171551e-01,1.720119317397991621e+00,1.654370495147528874e+00,3.859961330778070021e-01,6.709726945224069317e-01
4.617529636903395795e-01,1.654599693866582122e+00,1.623049373733149059e+00,3.742242541761219288e-01,6.957362825885163859e-01
5.014022253617984592e-01,1.725773887679302065e+00,1.614265712224591365e+00,3.690273616277403579e-01,7.124332854398023329e-01
4.658557640918181697e-01,1.696297812162612439e+00,1.745590679829519543e+00,3.594272888512277109e-01,7.422804960824378462e-01
4.665158306080779416e-01,1.799016954986211614e+00,1.756192102496476837e+00,3.614090773857492334e-01,7.782210563528528802e-01
4.819558613147980064e-01,1.783514714887943331e+00,1.675428868258734605e+00,3.519049386960358405e-01,7.909521993977126630e-01
4.827689191660233248e-01,1.746971709766355074e+00,1.744458796802383471e+00,3.581227131123354002e-01,8.157410804349345401e-01
4.810329038676118829e-01,1.693189378357459196e+00,1.630481035522083566e+00,3.303140498706826911e-01,8.326961308563183284e-01
4.812932681246853139e-01,1.798676141907066039e+00,1.747375639106373058e+00,3.406026553289621117e-01,8.242938577790551724e-01
4.870770921473734916e-01,1.797444032758393373e+00,1.756158050831809314e+00,3.173680156756897297e-01,8.031148012779981693e-01
4.883413015145995906e-01,1.900754855976785285e+00,1.813256369633525322e+00,2.910872583173526040e-01,7.604324845528205312e-01
4.839655946511469131e-01,1.822101078429567034e+00,1.662061946431775405e+00,2.739935958439044805e-01,7.803045699925976741e-01
4.642541558181748074e-01,1.841712815575547557e+00,1.784999882002093807e+00,2.750460639331397950e-01,8.106904485052556231e-01
4.831975537344511129e-01,1.857073204447110104e+00,1.756406757184050260e+00,2.912169295647201728e-01,8.534764517519516369e-01
4.786219139768452258e-01,1.744574160036658217e+00,1.699839036578205009e+00,3.059608918666644195e-01,8.901512406494632712e-01
4.828038239805060305e-01,1.767656625371673895e+00,1.775469311273911277e+00,2.753042212453302162e-01,8.927377464638706073e-01
4.632805988197974401e-01,1.756830177963980777e+00,1.729190546741009804e+00,2.900913278877648716e-01,9.079469113611622344e-01
4.890201012671415159e-01,1.704109671326665465e+00,1.867548477329024736e+00,2.703098127250058158e-01,9.456492175243585985e-01
7.040401096461830210e-01,1.102518320307724453e+00,8.900126667453936991e-01,6.671729610752171746e-01,5.678354306093165160e-01
6.674813375725276998e-01,1.229788801325244263e+00,1.092461471170734777e+00,6.241666577885008893e-01,5.541909775913380631e-01
6.331213298781346310e-01,1.377401877596552193e+00,1.286376704161663165e+00,5.948794835490891497e-01,5.563481651172496045e-01
5.873744377503757885e-01,1.446491401179732961e+00,1.357925233201621396e+00,5.596993148942439600e-01,5.574591476651012956e-01
5.556933792541096651e-01,1.517624941800414851e+00,1.423647469215961303e+00,5.359914569097741222e-01,5.815299213291847957e-01
5.260620260455640684e-01,1.568724001794499001e+00,1.598996818673536602e+00,5.112715681884074659e-01,5.467305273720872716e-01
5.139978470828382440e-01,1.593928897046331450e+00,1.577040822880720894e+00,5.490898532570448465e-01,5.470230272142704298e-01
5.337327138418015426e-01,1.510127360213455727e+00,1.611813585865630394e+00,5.247249405171238168e-01,6.017624992757633073e-01
4.987764679916683597e-01,1.606212690411559452e+00,1.706410525265108502e+00,5.277355203009191920e-01,6.121779507202657067e-01
4.889429613211627723e-01,1.655751819140717007e+00,1.625693024480730831e+00,4.920871086839418429e-01,6.146611028264769017e-01
5.127717658053888572e-01,1.716607863710416071e+00,1.665287247868636022e+00,4.715234115066857523e-01,5.752740315565194607e-01
4.882100616982332775e-01,1.646128859548260603e+00,1.609343295169672006e+00,4.910483432328532349e-01,6.521495761974137606e-01
4.985946829234308986e-01,1.605103171437970433e+00,1.756277349762859208e+00,4.633579272130898263e-01,6.235999038165626063e-01
4.655109099251811822e-01,1.712027494074802592e+00,1.771178792081437248e+00,4.660029035711584222e-01,6.642593047293641195e-01
4.987232059507652471e-01,1.708227115689721298e+00,1.767583144260368000e+00,4.374750596764527266e-01,6.764182961169794561e-01
4.858919907520036774e-01,1.686047431516834783e+00,1.771561032115509970e+00,4.062489439685046944e-01,5.970587808905845062e-01
4.969033872138385877e-01,1.683463642589241527e+00,1.813009020281060479e+00,3.832116797576800571e-01,5.988832371700750778e-01
4.651531093755071344e-01,1.772335438831444065e+00,1.818410169666769161e+00,3.697025520764536388e-01,5.976876603228347129e-01
4.662334749112133081e-01,1.621541805058213104e+00,1.718426487522811685e+00,3.889813955801547651e-01,6.710045475077054400e-01
4.545136941781659501e-01,1.719584351166642655e+00,1.821989949442549994e+00,3.535347088231548529e-01,6.536424442911669130e-01
4.628831417311002339e-01,1.659984566116956994e+00,1.775460328264723664e+00,3.538987994783968638e-01,6.514810867367284430e-01
4.932119915513838437e-01,1.770545685665912305e+00,1.760141539756579387e+00,3.362662308278878687e-01,6.615500895182561125e-01
4.818775005789397436e-01,1.829077161026068543e+00,1.737400570534799016e+00,3.537039269715451240e-01,7.219842963933570390e-01
4.837302267562881286e-01,1.683679527591370739e+00,1.723122021849581964e+00,3.721142105212076889e-01,8.306710689583505225e-01
4.510390536961552121e-01,1.725040347445751854e+00,1.684339192700974097e+00,3.518990179568989851e-01,7.638062569102420651e-01
4.522007557300183334e-01,1.739776703088081300e+00,1.737036935264399951e+00,3.301983951949731821e-01,7.971272832917211115e-01
4.816684028387408500e-01,1.747481665547256480e+00,1.790729332011739672e+00,2.871855800311461926e-01,7.350333382386909920e-01
4.827164181291973000e-01,1.761991390147245040e+00,1.789762467063355622e+00,2.799654036691860970e-01,7.041375736792702122e-01
4.786746582095479652e-01,1.707440179761776422e+00,1.878991900405034832e+00,2.732472218691794352e-01,6.907139822970832510e-01
4.862305428735324564e-01,1.694481169078486671e+00,1.817545613512107749e+00,2.773107906632537034e-01,7.893008219937620584e-01
5.517413036279178451e-01,1.332914792890177003e+00,1.357293356494542858e+00,4.720492202651912494e-01,8.839002781064323466e-01
5.347841240503705684e-01,1.453054615448739373e+00,1.428092553122798591e+00,4.560501879548957138e-01,8.928528645608161396e-01
5.190336878278161148e-01,1.471282555815712989e+00,1.471292180436243990e+00,4.496473522803062228e-01,9.486889566195630952e-01
5.248286401982529270e-01,1.500541225399316003e+00,1.444367657823454998e+00,4.583855308304701781e-01,9.392546544072259973e-01
5.267475010432691729e-01,1.599250464542213424e+00,1.583157900048194566e+00,4.341284158668303750e-01,9.240525034421985806e-01
4.932848918698318208e-01,1.542241758916918615e+00,1.577621096345540375e+00,4.541123661926604327e-01,1.020630549540731513e+00
4.876642647588284585e-01,1.615755466876646951e+00,1.688327328257719806e+00,4.841435086675350274e-01,1.059894423279212683e+00
5.069894495132710732e-01,1.616727603900453225e+00,1.620740085893597193e+00,4.547145951714212653e-01,1.179845896745608025e+00
4.745376790371900189e-01,1.801408604355156928e+00,1.709857217966099574e+00,4.592453484821273912e-01,1.156676670563921761e+00
4.696236372128808623e-01,1.727194254909890647e+00,1.661447997121202391e+00,4.675996601493990767e-01,1.159094916435071454e+00
4.631477051613444584e-01,1.668425656765023302e+00,1.669115284093477980e+00,4.436702063570919230e-01,1.191561494229204987e+00
4.818775278872822754e-01,1.858756819842298791e+00,1.618472849810417502e+00,4.302873770184359459e-01,1.242894223656781261e+00
4.711145320327294606e-01,1.797346726177087461e+00,1.643800913791950924e+00,4.393300926873526802e-01,1.276433260005249481e+00
4.748891450135780401e-01,1.729448826240314263e+00,1.618421704401121319e+00,4.162592928461148478e-01,1.349272051289987395e+00
4.961818341456287751e-01,1.676094389601369805e+00,1.717829568702419207e+00,4.234683367280664412e-01,1.341002253193432914e+00
4.591865275158678594e-01,1.647031145493221160e+00,1.713918506064207925e+00,3.819943575077512365e-01,1.278641500302137413e+00
4.790681793117179676e-01,1.715878018467195787e+00,1.715350776397276622e+00,3.828921688328276729e-01,1.377077591586096661e+00
4.648928653550425394e-01,1.727191854106638003e+00,1.736702690124459325e+00,3.941357881677678976e-01,1.375670890419777193e+00
4.433286117988132768e-01,1.726286549688125449e+00,1.716816639977798875e+00,3.692602771208601253e-01,1.365356771694301141e+00
4.680163742725368947e-01,1.678568029539616147e+00,1.678181806952361077e+00,3.210906130761415067e-01,1.284910214220218450e+00
4.632334143630882917e-01,1.699493430578482567e+00,1.731276799796458654e+00,3.147626204778606329e-01,1.342693128454068185e+00
4.829569360246932508e-01,1.665652229544926977e+00,1.789341794938994257e+00,3.126798313760599801e-01,1.289174937758742479e+00
4.439137059898297655e-01,1.604816423546148396e+00,1.667327916712365132e+00,2.713799840705862776e-01,1.275777542128886388e+00
4.551149391341324235e-01,1.725981459313872479e+00,1.749152225092754032e+00,2.883284777738129856e-01,1.323745240285575386e+00
4.608046011318566726e-01,1.664911781498206844e+00,1.737817725278806291e+00,2.959310726146568427e-01,1.373633643672749427e+00
4.689993590861876727e-01,1.740360156934061653e+00,1.762357413039283394e+00,2.709651853874860961e-01,1.402092190010363781e+00
4.665612350407103981e-01,1.655186141159172841e+00,1.755723262575811683e+00,2.686459189405908665e-01,1.369055545180519751e+00
4.717306014868798969e-01,1.658930984607384307e+00,1.708384606699826946e+00,2.519001472099252625e-01,1.307558772391649082e+00
4.558143805478973576e-01,1.650956234221899743e+00,1.720718197749139478e+00,2.539204307073386624e-01,1.463805025365624957e+00
4.514640518857994111e-01,1.665217341480341950e+00,1.833739868659062910e+00,2.546516352502845026e-01,1.453844444460356433e+00
5.538385725655292635e-01,1.840192794449365676e+00,1.135876013158619191e+00,9.200436506542816195e-01,6.893608731820933810e-01
5.433758049198658124e-01,1.779088383901124226e+00,1.227631845597868088e+00,9.242871858898702442e-01,7.496195003166674642e-01
4.983084041260933406e-01,1.785345372274171671e+00,1.226457705703260848e+00,9.927639727882804355e-01,8.371980115207842132e-01
5.115204085325737449e-01,1.774899383573980804e+00,1.307614967095516612e+00,9.539589016483401851e-01,8.261104113969743867e-01
5.435218206745711100e-01,1.757125852306331337e+00,1.417268032378791620e+00,9.532209124255721644e-01,8.808396167691318057e-01
4.911722003154986305e-01,1.833405189800234147e+00,1.531574684788471030e+00,9.267190208581155275e-01,9.001615048727943380e-01
4.797832586935678600e-01,1.789395623592771045e+00,1.583893598339405129e+00,8.959961935755622608e-01,9.275413001921978262e-01
4.800882984353205263e-01,1.894174218954343569e+00,1.547950373390270196e+00,8.433120176572954652e-01,8.678530564698104799e-01
4.721007005117785482e-01,1.849892505786471464e+00,1.570511004401342170e+00,9.370451557096572959e-01,9.726414748557797862e-01
4.779635395101776707e-01,1.859974002363133261e+00,1.676737666484463984e+00,8.139112541696219560e-01,8.820616406942229926e-01
4.739195810896523198e-01,1.759098483594157658e+00,1.733616019813201792e+00,7.273220472170063289e-01,8.914733353885122558e-01
4.727159980498611414e-01,1.714421183139774207e+00,1.640725768897004722e+00,6.654569678790601683e-01,8.461435617191425118e-01
4.673013750295885171e-01,1.751343878768669704e+00,1.656191044573259719e+00,6.194021053101312901e-01,8.615868367833114938e-01
4.537398018837800473e-01,1.765623597641674314e+00,1.644735401391385743e+00,6.295007237850214210e-01,8.533844205422883578e-01
4.984043799998691404e-01,1.830260149282033622e+00,1.668817992406333328e+00,6.375909447468215419e-01,8.741646060779735272e-01
4.641651541990897689e-01,1.862603720832403109e+00,1.650582761205230398e+00,6.513094723458863200e-01,9.225826694349534840e-01
4.617885649811415139e-01,1.777161353215193085e+00,1.714303648681702930e+00,6.784091762951317550e-01,9.938919701003267049e-01
4.696653615729507458e-01,1.739139099068900407e+00,1.654603896470619562e+00,6.983466353463394505e-01,1.149490019244387762e+00
4.791451706075114947e-01,1.726754256079718663e+00,1.541513838685538484e+00,6.374806105728857419e-01,1.101979415898372006e+00
4.722915688126486655e-01,1.761888357122165738e+00,1.629195520505402284e+00,6.150996234092812598e-01,1.008317827062450212e+00
4.886672496134071286e-01,1.790334847544906349e+00,1.632904146541614310e+00,5.805726296135503839e-01,9.645081108216527754e-01
4.324561546911188659e-01,1.733721554396894460e+00,1.688740202557627468e+00,5.663993583977874335e-01,1.035872178021502110e+00
4.667320157641746126e-01,1.700928794928594723e+00,1.751037382172091705e+00,5.647999311765470321e-01,1.154344715136623511e+00
4.649373553107851165e-01,1.788191583786467032e+00,1.607462697432564092e+00,6.193121797506566661e-01,1.198368497307975789e+00
4.702930010618718848e-01,1.753447731968491352e+00,1.729276232364991506e+00,5.446166297076299179e-01,1.210251213229384559e+00
4.849578604110931779e-01,1.675003180107725864e+00,1.602519603969229767e+00,5.795377909058558874e-01,1.226546070459202609e+00
4.542878857881365029e-01,1.680228713006143515e+00,1.688500356982384876e+00,5.629554376232959179e-01,1.300573063087325121e+00
4.628810290059828803e-01,1.751760781533443279e+00,1.608328260314836111e+00,4.976662256419455699e-01,1.187956423917947202e+00
4.443354620543886191e-01,1.838598506047181003e+00,1.618036252189087643e+00,5.189857655746942244e-01,1.325239430760463577e+00
4.670359231947397993e-01,1.786562109090559902e+00,1.603634870776820431e+00,5.251096166279370925e-01,1.330425692589948694e+00
1.256122414704152090e+00,1.912877400085985613e+00,8.369163146562610400e-01,9.829262773868194802e-01,9.818665248861229156e-01
1.055372899264553466e+00,1.943322950144467098e+00,1.026026310638161521e+00,9.260247491278074117e-01,9.999915772154048810e-01
9.750227177006147716e-01,2.008711505771169303e+00,1.112188015754909109e+00,9.244408245506305910e-01,1.007750454438923748e+00
8.653370718147451734e-01,1.800163321203028355e+00,1.238366609738196233e+00,8.544368272190385749e-01,9.658780806752513826e-01
7.703189887459171992e-01,1.848811972491930966e+00,1.223678637194582475e+00,8.366695743426769694e-01,9.871026343642408385e-01
7.195465713266829821e-01,1.797264342293173334e+00,1.267998470032161817e+00,7.700917407186482766e-01,9.837069789041784640e-01
6.609156522641397302e-01,1.838129774803783478e+00,1.424224448777626773e+00,8.691478268436103605e-01,1.061405722508700356e+00
6.259763381746465960e-01,1.895985156106249958e+00,1.464527050354233140e+00,7.854755533676156531e-01,1.033142210758393187e+00
6.146232663699490173e-01,1.783760755863004421e+00,1.497432019976996376e+00,8.004104153718588632e-01,1.094540365949531635e+00
5.447856500849037609e-01,1.763482026148337933e+00,1.581074396444537511e+00,6.784779097364949108e-01,9.546200817310346309e-01
5.464712542205705237e-01,1.736351432293253394e+00,1.533109970371896447e+00,6.572921195412989581e-01,9.811256175018430170e-01
5.023358011138248091e-01,1.798618273750667962e+00,1.573071039637060409e+00,6.262344901089683669e-01,9.801623798124237119e-01
5.270380236969539611e-01,1.708114696621769957e+00,1.593424513742246251e+00,6.120770870319142132e-01,1.015114973359414030e+00
5.010986595642601404e-01,1.828206108714832467e+00,1.602238621830105680e+00,5.458692647964450417e-01,9.462461641024999537e-01
4.916850297810683723e-01,1.706412675541812529e+00,1.523883367581349901e+00,5.616338488799972328e-01,1.055395605133075509e+00
4.926263949467016845e-01,1.594399722368033290e+00,1.729455198770374569e+00,5.153900692199948619e-01,9.784167405678875218e-01
4.892384264022106022e-01,1.690222745348834543e+00,1.639273122811797156e+00,4.806023603992593540e-01,8.725255056470214710e-01
4.865032363565091611e-01,1.714635925741430533e+00,1.737984025377451447e+00,4.476304988801075857e-01,8.656617634598455790e-01
5.018280092888713906e-01,1.686848198521958331e+00,1.741102000108683878e+00,4.184469459218246312e-01,8.620332644746332429e-01
4.860801147941521960e-01,1.782733661718823193e+00,1.766503944435253937e+00,4.280362516511354021e-01,9.371406850203655159e-01
4.778771953384792215e-01,1.782545662535869768e+00,1.712786731462409673e+00,3.929228680478680791e-01,8.966704948334224268e-01
4.953610715253976560e-01,1.828117581962025451e+00,1.627974586018621439e+00,3.917202009288311415e-01,8.547438233469607516e-01
5.183653753135463171e-01,1.830276357767445683e+00,1.733215000958564955e+00,3.623584654439745978e-01,8.447691242220004559e-01
4.664762009065102633e-01,1.816753889694377788e+00,1.794917083644905542e+00,3.639700787603972199e-01,9.117891938129972784e-01
4.869040867664032324e-01,1.713930565424405916e+00,1.842299314363734508e+00,3.086404206423861707e-01,8.553410839820412281e-01
4.596330845668955001e-01,1.793266331413284842e+00,1.771951913099483633e+00,3.279958796080663097e-01,9.272664851696925670e-01
4.660544068074860546e-01,1.825420646881818820e+00,1.737988959966239921e+00,3.383877070253743513e-01,8.610366993359152010e-01
4.575669777486818801e-01,1.680695944098962169e+00,1.827683346991796576e+00,3.034909418914216728e-01,9.301719155276596540e-01
4.697093849059852388e-01,1.754990291538362390e+00,1.700198209015153283e+00,2.932362731279652968e-01,9.307197230020398671e-01
4.507573997554043532e-01,1.862785063087112336e+00,1.779001136323945964e+00,2.631939287931970295e-01,8.603078162403068330e-01
7.817718612670376821e-01,1.232457480830655205e+00,9.683710882713412182e-01,9.174097411949491132e-01,9.680458756443628410e-01
7.632689887994638100e-01,1.308776176412813186e+00,1.111070488727710748e+00,9.451914851180153176e-01,1.032901724181789938e+00
7.258100274618730641e-01,1.315725838365841449e+00,1.159334251291683771e+00,9.541246162921318552e-01,1.110604837008241530e+00
6.451556342800002231e-01,1.424474500885856809e+00,1.195027011208456003e+00,1.001893471555041604e+00,1.171054447409133781e+00
6.035782016248820714e-01,1.539496539267991126e+00,1.369684618793450381e+00,1.007768100509421449e+00,1.119898505559449697e+00
5.673418927816064050e-01,1.512936003519545602e+00,1.401742762846871493e+00,9.426910315746124258e-01,1.224204322891539798e+00
5.769258314983028990e-01,1.576345165485295352e+00,1.502662876901474043e+00,9.816807568149384933e-01,1.276264234159816935e+00
5.268087703281588707e-01,1.637730129481462127e+00,1.473248141045194748e+00,1.039239431919435130e+00,1.422062003058176538e+00
5.141005404186035355e-01,1.647680671858974044e+00,1.591520109207978928e+00,1.096385640341847267e+00,1.433156647154488317e+00
5.033998870803486625e-01,1.648628396581165223e+00,1.636663745794677993e+00,9.663783920288816498e-01,1.477777568953356990e+00
5.203023884173983982e-01,1.704660166989439452e+00,1.610366927165331363e+00,1.040235304694376861e+00,1.535605960523019675e+00
4.847342920267729838e-01,1.665897652126565376e+00,1.615044940300845777e+00,8.967572223534111542e-01,1.448005208758998963e+00
4.908576377362158238e-01,1.736942323670063182e+00,1.574949109834890004e+00,8.578340485484065026e-01,1.384819657998055176e+00
4.896915505048627382e-01,1.797420731629035817e+00,1.558171573995372095e+00,8.231626495116795006e-01,1.463458997438530362e+00
4.942522795219265741e-01,1.769647532887722807e+00,1.590572394426910119e+00,8.035657150954162997e-01,1.490809964464693937e+00
4.852258337532511234e-01,1.778206012956173199e+00,1.572321880939540950e+00,8.087805237094150002e-01,1.526976023306128694e+00
4.614431656738218757e-01,1.755769517026037674e+00,1.647871785480828022e+00,8.214320337093179436e-01,1.638181792491285593e+00
4.625344620215823821e-01,1.847331314798868362e+00,1.549163547665358687e+00,7.550751039052430169e-01,1.619557150933346179e+00
4.555591654184437123e-01,1.769261033447950160e+00,1.551303583626082894e+00,7.025211921906261425e-01,1.507630311521854116e+00
4.417987086332270663e-01,1.685730140020038847e+00,1.662070983658420431e+00,7.195225256635522371e-01,1.646708072010178547e+00
4.503952785697165062e-01,1.828025050515662775e+00,1.736628208667226003e+00,7.374371530465800850e-01,1.709372357375579243e+00
4.645806369871033903e-01,1.771953041133326856e+00,1.677939159377252132e+00,7.155362309567021573e-01,1.711822915138719203e+00
4.600698946679714907e-01,1.783421878971714669e+00,1.725135701032550983e+00,6.282059384032790961e-01,1.641691560695810903e+00
4.340031906467984868e-01,1.740788789667379932e+00,1.664903007442352312e+00,6.108802948473832650e-01,1.626624539495781674e+00
4.705233508841442647e-01,1.778261427177979526e+00,1.580225252262465130e+00,5.927155976695347439e-01,1.540703005264836278e+00
4.528407734835776521e-01,1.703173384581366578e+00,1.655943210195475856e+00,6.178928765531040979e-01,1.770178467010264267e+00
4.476632961836556346e-01,1.789190040739311538e+00,1.694703717781158359e+00,5.947975432133107976e-01,1.765976419500878913e+00
4.440739904562522322e-01,1.677136586420160169e+00,1.673271834346427900e+00,5.966673814436681544e-01,1.938765575010606312e+00
4.457462011002131241e-01,1.689083078229589141e+00,1.595105580794604627e+00,6.275113976929850290e-01,1.947917730091947464e+00
4.421346258204440494e-01,1.690112079324743055e+00,1.666948697712535843e+00,6.183000284399444713e-01,2.018976469128480833e+00
7.490173558344045412e-01,1.456941310413266910e+00,9.311090476238794711e-01,8.784694102435115504e-01,5.775319525648926478e-01
6.825941844551393078e-01,1.558294672746672660e+00,1.204343909542979096e+00,8.531105268175763756e-01,5.572008390736578054e-01
6.542675269361207802e-01,1.666600671185755056e+00,1.255053948077370807e+00,8.315812642648174879e-01,5.844122027682758791e-01
6.156973546079244075e-01,1.761629612069894213e+00,1.334526469047561337e+00,7.911926556061859017e-01,5.929687805887218222e-01
5.744766323420646970e-01,1.691470231233412669e+00,1.407904150636865692e+00,7.469506146887109344e-01,6.110365488424521763e-01
5.447309772155969343e-01,1.768903710534594387e+00,1.496302057128399587e+00,8.071883733823542739e-01,6.926965584164445078e-01
5.376052840522932419e-01,1.799405013305703127e+00,1.521091296861372788e+00,8.173054424266045226e-01,6.914366461488475890e-01
5.292243138690830850e-01,1.738730323866918503e+00,1.568490064998695255e+00,7.511604503269645461e-01,6.400025050876264610e-01
5.255328494805412420e-01,1.760517828024102505e+00,1.561308193842740222e+00,7.117067445092802869e-01,6.627884898518843215e-01
5.012389764241210743e-01,1.664461753802864319e+00,1.489802917269246851e+00,7.106303537497252742e-01,6.762647747676433507e-01
5.020895276528315465e-01,1.675476708181973917e+00,1.603277634294899556e+00,5.995912479880883827e-01,6.369831373696198673e-01
4.930993425063446844e-01,1.700850921628514367e+00,1.698795044574321844e+00,5.610487791714684480e-01,5.843392335357341372e-01
4.952024082694905238e-01,1.693449861228254916e+00,1.500297178121874575e+00,5.441707046599165709e-01,5.818890748551912573e-01
5.020805736648581430e-01,1.743947613950890485e+00,1.715870993936539524e+00,5.849843711631872445e-01,6.063786180767652967e-01
4.930968360868215328e-01,1.715874415375558071e+00,1.756367815886019867e+00,5.347805418033264591e-01,6.031584856771134984e-01
4.880129947464177387e-01,1.711326105726574509e+00,1.694982150249648711e+00,5.250457368129198832e-01,6.290512455743043629e-01
4.870963184649388933e-01,1.717857823728973221e+00,1.740894977444450653e+00,5.132677229167224020e-01,6.362323506435454412e-01
5.042078898274767740e-01,1.817415905434481838e+00,1.734104453295228332e+00,5.437415825185478724e-01,6.933634085899581523e-01
4.849753166592191134e-01,1.752622458722961962e+00,1.769599338219936424e+00,4.934968290671332136e-01,6.575546608919599079e-01
4.948209760282047398e-01,1.691434783728905877e+00,1.820058131255426481e+00,4.724290103621077708e-01,6.439441652040280850e-01
4.876029813675275548e-01,1.673355991870814741e+00,1.766342617481883925e+00,4.858348237670040981e-01,6.917550531695603189e-01
4.801288432474939971e-01,1.668990867305387704e+00,1.721003160799480680e+00,5.070702982337951248e-01,7.733197219469492012e-01
4.757470667838914480e-01,1.613251508529162992e+00,1.656429905040091688e+00,5.104022883480372474e-01,7.537394012071891858e-01
4.561967506069626310e-01,1.741041714937476614e+00,1.730948571941599790e+00,4.956232116354009620e-01,8.150303148798835329e-01
4.699843811313194064e-01,1.774634033623723628e+00,1.712566480410167902e+00,5.108436957633892828e-01,8.640374110438209243e-01
4.882264563339017149e-01,1.843531524424538715e+00,1.684630566432070431e+00,5.160414526560579418e-01,9.199297340879264429e-01
4.777852033717716607e-01,1.702383543237410368e+00,1.723920203069079671e+00,5.063160642770389019e-01,9.416118111040595595e-01
4.658800327170776745e-01,1.799741251972541756e+00,1.769520183625858056e+00,5.175595109764983270e-01,9.568057876977441589e-01
4.787362168674428320e-01,1.870351276396209128e+00,1.703021378410805919e+00,5.039152985133878992e-01,1.032262117723314443e+00
4.745528850503659135e-01,1.805612966838086475e+00,1.784975701370921319e+00,5.255338243203567794e-01,1.049869880917888354e+00
1.036171192645173766e+00,8.103632516936214447e-01,1.620168483656758029e+00,7.884221342228373564e-01,6.275994137263145589e-01
9.195039378509424211e-01,9.776430244179068474e-01,1.636957347918197359e+00,7.466898929537059137e-01,6.647929459759309712e-01
8.500767082572608935e-01,1.181125598924140929e+00,1.651559967834318243e+00,7.937826113378774195e-01,6.981797133858369531e-01
7.995994949591167522e-01,1.256699454599444321e+00,1.545320098682381404e+00,7.922873932727249047e-01,7.223489192154598504e-01
7.575361902165945738e-01,1.343879422476342400e+00,1.674843355385472465e+00,8.228102088390211177e-01,8.237809627553548397e-01
6.623569486114699867e-01,1.396680448463912150e+00,1.640171902860506403e+00,7.927160250828693133e-01,8.315225720548313770e-01
6.521805060314793678e-01,1.465307877960836391e+00,1.536180394772374891e+00,7.864770569824938162e-01,8.173174986149134291e-01
6.044343194152088650e-01,1.526251271957457911e+00,1.638676892873913937e+00,7.738503111568461046e-01,8.912228016032588407e-01
5.849689148802180716e-01,1.567284982463860610e+00,1.662633816185180136e+00,7.400376685754299633e-01,8.856864149118103269e-01
5.590464842161213532e-01,1.578954379632567129e+00,1.734294255377148319e+00,8.002297073308499709e-01,8.934195409255121234e-01
5.523382035260999690e-01,1.638058778288363770e+00,1.635248316619416498e+00,7.985801427108545347e-01,9.810315775722984188e-01
5.291896701127695168e-01,1.538442430823252050e+00,1.667512931764044470e+00,7.064160899658706860e-01,9.312839722516877972e-01
5.362869811663383279e-01,1.642186124541696879e+00,1.666456375940350343e+00,6.757903675294998358e-01,8.821270940165666374e-01
5.049213833204950763e-01,1.645611171598105660e+00,1.682378558861877149e+00,6.409930287122268533e-01,8.992044752145326170e-01
5.144678040527400631e-01,1.549327764557973941e+00,1.754758590500726356e+00,6.150258510198070017e-01,8.854288246911400373e-01
4.903640618689705799e-01,1.643598628167001863e+00,1.758356290614952577e+00,5.951718767055639292e-01,9.000485708324453826e-01
4.846110102242069950e-01,1.643895180460730687e+00,1.714795878806982588e+00,5.097275322537502262e-01,8.247265230009104275e-01
4.910417730419155968e-01,1.677317598708005564e+00,1.749232513136768752e+00,5.236214188751444620e-01,8.784702160162753959e-01
4.794866369790507510e-01,1.702878025245066373e+00,1.641084686537871429e+00,5.390471370424581021e-01,9.239564695437061381e-01
4.767679305521800304e-01,1.772972829928449734e+00,1.650039628091269917e+00,5.169599932534646447e-01,8.596571595553135214e-01
4.617906257579357243e-01,1.610495662975617082e+00,1.726142937333833727e+00,4.790251164490669233e-01,8.649908550826856946e-01
4.644864149686638299e-01,1.610794143972971382e+00,1.814792633829281243e+00,4.719601511605705513e-01,8.866809017094318124e-01
4.738531102625882507e-01,1.679948190684937837e+00,1.890013979581606440e+00,4.463831600123904231e-01,8.890999752722875682e-01
4.611273474725257060e-01,1.721192202892214640e+00,1.872078970625725480e+00,4.592970096776050615e-01,9.079762621974650783e-01
4.735936207182542823e-01,1.722448501793158560e+00,1.844414754135589529e+00,4.364447205348482295e-01,9.435974133494546834e-01
4.655530702397601139e-01,1.720362757873839632e+00,1.689213940314135742e+00,4.081428471976337180e-01,9.037311978827071712e-01
4.671581486345806611e-01,1.758769458698753230e+00,1.742419803916580356e+00,4.214017074384033834e-01,9.279569305377698418e-01
4.824942426631516068e-01,1.661561782291279599e+00,1.761292089690313256e+00,3.955301592006517097e-01,9.469282192527785913e-01
4.762239127968281860e-01,1.625192807696643538e+00,1.711610385797353917e+00,4.189326483866636641e-01,9.937438271918527244e-01
4.850689355600246722e-01,1.783227242068430751e+00,1.645112306320678286e+00,4.347236521518754726e-01,1.102921458103343078e+00
8.200876754105131949e-01,1.372120944027463318e+00,8.280146352376887009e-01,1.010550033872460451e+00,7.475244813375876429e-01
7.779834473234111814e-01,1.500222220799396267e+00,1.029501011516626541e+00,9.231030304843498291e-01,7.115712830355164220e-01
7.111747719030637738e-01,1.476813653361690237e+00,1.208434321926652233e+00,8.033584572677401336e-01,6.812741772452882705e-01
6.481166103477354890e-01,1.499858430723576275e+00,1.187235355960745586e+00,8.476439656783731902e-01,6.985338564646099702e-01
6.104177423763808008e-01,1.576202606408894313e+00,1.374913599918980101e+00,7.902287754436811973e-01,7.023233754782718385e-01
5.621518945789001354e-01,1.526321242136621903e+00,1.467433147286355988e+00,7.065360890556400264e-01,6.465077819913314094e-01
5.774219523533212772e-01,1.600824426118708788e+00,1.495257982565983745e+00,7.589718973531931479e-01,6.828688459654305154e-01
5.282064752968735899e-01,1.507602614438967592e+00,1.479947095980932437e+00,6.699911645181747533e-01,6.534631890921571706e-01
5.159902599215959729e-01,1.556450206873921660e+00,1.545942464436320218e+00,6.415898704765111704e-01,6.392756544717835832e-01
4.907397529898911426e-01,1.676652557673901978e+00,1.565284286398504587e+00,5.927122857906932385e-01,6.481613572829739711e-01
4.915304901290624695e-01,1.761362150589963926e+00,1.552084233003069302e+00,5.652947689126990305e-01,6.602603400121264121e-01
4.894936357711850428e-01,1.663008789189014625e+00,1.703279984403912817e+00,5.721621136030340393e-01,6.735765847163701636e-01
4.565492070221159882e-01,1.646520932805257464e+00,1.685367918424803602e+00,5.844719324614271461e-01,7.533889848151150703e-01
4.684114980644434878e-01,1.724181303311984603e+00,1.604940460084540943e+00,5.529447783807301953e-01,7.523346059633642113e-01
4.896624501083337022e-01,1.696046213339533537e+00,1.660081500265984111e+00,5.268402489923418308e-01,7.130456691404093439e-01
4.667357301891667531e-01,1.765652090014091069e+00,1.734381835476695111e+00,4.912092651470215676e-01,6.874135493033605160e-01
4.950608428194792632e-01,1.686983717664441773e+00,1.732930139622785859e+00,4.599345804628988121e-01,6.731207515768694583e-01
4.905488398611131950e-01,1.757731331622327309e+00,1.779255213053224205e+00,4.837839270891189369e-01,7.041887492461825770e-01
4.839449123526711194e-01,1.659050520013610530e+00,1.789280922126093465e+00,4.391886203692231261e-01,7.224921854999324378e-01
4.555081734054246545e-01,1.722223658234558252e+00,1.748540938674235212e+00,4.476621212856717325e-01,7.465821382395103623e-01
4.895733539111082888e-01,1.808580622660729054e+00,1.784074560139981225e+00,4.512494549363271767e-01,7.146563933172161986e-01
4.640378285126935953e-01,1.701835789945940203e+00,1.832484427664341275e+00,4.824798543812439666e-01,8.097057529694721145e-01
4.720919366506395876e-01,1.767797563422711216e+00,1.776498041203469436e+00,4.218702626908099607e-01,7.731890976538737803e-01
4.850509597595171751e-01,1.713882870334537900e+00,1.751806554336775346e+00,4.082943004025673117e-01,8.186117266425078087e-01
4.538739471953694982e-01,1.755512105868441308e+00,1.693058036913187125e+00,4.245991858682461317e-01,8.366174634142470312e-01
4.853304011396937234e-01,1.845707391207503933e+00,1.703316628155102208e+00,3.676712272881543231e-01,7.662527984519199586e-01
4.755271926885606959e-01,1.689949382487096363e+00,1.723045547805562183e+00,3.659914070722838919e-01,7.910786418606250425e-01
5.010455467241886618e-01,1.801321183881171573e+00,1.657337679473065872e+00,3.383832711714696018e-01,7.999248143240806908e-01
4.817871909820622967e-01,1.733764997269523711e+00,1.670603750244457064e+00,3.178075371716374553e-01,8.035692667232359199e-01
4.737026491753983937e-01,1.773334215016334481e+00,1.752441957355973745e+00,3.082848969076041334e-01,7.602689168322653845e-01
4.038785649414841084e-01,1.733092385858192586e+00,1.311980100485681477e+00,6.912919376462027810e-01,1.064796049091843111e+00
4.114846515522913584e-01,1.700324865709390343e+00,1.308520592931075255e+00,6.606880116968356642e-01,1.081426651524059146e+00
4.130938840288048697e-01,1.711812513430522653e+00,1.513410552137919529e+00,5.963687717409947853e-01,1.018877515259818400e+00
4.477941926299479625e-01,1.671873140058123042e+00,1.539885064377969348e+00,5.591446582218992933e-01,9.314692546613498880e-01
4.311847179226059867e-01,1.699919041291126920e+00,1.650930517213519799e+00,5.403357801554929951e-01,9.335914428138687438e-01
4.689221102450623069e-01,1.803555013637723192e+00,1.691557826287011013e+00,5.030122415637964250e-01,8.624520861028084351e-01
4.496483887266470303e-01,1.712279715483220777e+00,1.623641210609967578e+00,4.985938160509739703e-01,9.786712474621488411e-01
4.651162462354018756e-01,1.684752594453908348e+00,1.737033693153715364e+00,5.116999594990404576e-01,9.829447826139484645e-01
4.687950181273340400e-01,1.680886798386849179e+00,1.683904840188436891e+00,5.025139361852473119e-01,1.022379813993280040e+00
4.423095929809494620e-01,1.721785544207407259e+00,1.664036162821804998e+00,4.880374580414438279e-01,1.092124531451833302e+00
4.811629954619136007e-01,1.744301013753954965e+00,1.772943594976028381e+00,4.816757168157649316e-01,1.068019796555006007e+00
4.635505081894111257e-01,1.645283726077820585e+00,1.811168871240232514e+00,4.559310535262797170e-01,1.128369465196708665e+00
4.622595302436395825e-01,1.669543032882276679e+00,1.792672073752825890e+00,4.450544228939906088e-01,1.117639099902065780e+00
4.609404368333584467e-01,1.645059137504729208e+00,1.691698151111879600e+00,4.386405178256902460e-01,1.135057630769517489e+00
4.540509823809243395e-01,1.751643451934711715e+00,1.718980163400975147e+00,4.361295112362010840e-01,1.200325188012463018e+00
4.508910612107728810e-01,1.741291038514522382e+00,1.714608328900878220e+00,4.198252186758384963e-01,1.154049665858158269e+00
4.454734412334750426e-01,1.720818311692053015e+00,1.735072924543046735e+00,4.161348298330471707e-01,1.132051348546746938e+00
4.662607331495631779e-01,1.699525070600516941e+00,1.712295198362383974e+00,4.115935285469026206e-01,1.277857983083955151e+00
4.377635254059949466e-01,1.754523201879132799e+00,1.787624607306050439e+00,4.459851187306835274e-01,1.304618119882746008e+00
4.503006173276648538e-01,1.723321403423841325e+00,1.740284009409803323e+00,4.366718796362125121e-01,1.408287720288513789e+00
4.781351859680281757e-01,1.711239291926193617e+00,1.644366104200029488e+00,4.157061235156290779e-01,1.324133010658977483e+00
4.591089275077427923e-01,1.674614592880677044e+00,1.691356330007325326e+00,4.237071407573726467e-01,1.503403257452879060e+00
4.563566552680935473e-01,1.672742917753202052e+00,1.727854931575214747e+00,4.056453940781911127e-01,1.425147565950147799e+00
4.601829009662382619e-01,1.593119743213986306e+00,1.699606959309706511e+00,4.137573094911711213e-01,1.596289927069361347e+00
4.626958439300936643e-01,1.671335403335832970e+00,1.697941194241566754e+00,4.089217604836310471e-01,1.544977857310863900e+00
4.619582127562614215e-01,1.741774392463945498e+00,1.697400818755101515e+00,4.294722026215435640e-01,1.689185154558495050e+00
4.603818606475468811e-01,1.763292525264061439e+00,1.630513680961372502e+00,3.708836650045579941e-01,1.564519888606843656e+00
4.682996272640237434e-01,1.598462630723323619e+00,1.686481394689827162e+00,3.505753044096434623e-01,1.623288361497764232e+00
4.581244007908256144e-01,1.677649674564076321e+00,1.751681953775568346e+00,3.331275165771652724e-01,1.481716759433238328e+00
4.564029195594037636e-01,1.576695688645017190e+00,1.714605351068527295e+00,3.209709080597666908e-01,1.499182132937987522e+00
3.939882853474711566e-01,1.261156671881760838e+00,9.693007897607246459e-01,8.546537346661990941e-01,6.939708210817013834e-01
4.017465127555384097e-01,1.339406245448572452e+00,1.154042268078499855e+00,8.487255426592431595e-01,7.913855286134416911e-01
4.078164934604858183e-01,1.481467812932158123e+00,1.179907501545874871e+00,8.574873644852581966e-01,7.637057973481178319e-01
4.271602239612325436e-01,1.466721546066233728e+00,1.331833264231803371e+00,8.559068399604371491e-01,7.794942226066913227e-01
4.158542879205761045e-01,1.505099397717078125e+00,1.481389583403722954e+00,8.404611636397939511e-01,7.726965211365918185e-01
4.422993653944380377e-01,1.518454990090126744e+00,1.533053642981997200e+00,7.598160536241539420e-01,7.887939252672068191e-01
4.472370377340468273e-01,1.547032534551516791e+00,1.629271784592103200e+00,7.156689411035956905e-01,7.747958936623270398e-01
4.556052459040156322e-01,1.511520063474627973e+00,1.594208888237030441e+00,7.433258707907512974e-01,7.869071664498775709e-01
4.561270313324740089e-01,1.656058265834406740e+00,1.594316241279059021e+00,7.322013507975652091e-01,8.119930177780567693e-01
4.575054971427509609e-01,1.629648595720289972e+00,1.600676634382100172e+00,6.583677940766334835e-01,8.046185891195472006e-01
4.565423512147865348e-01,1.768806070160712007e+00,1.614005447883646305e+00,6.517178738787833270e-01,7.790879719049741414e-01
4.660248800837248906e-01,1.773598978205045196e+00,1.655692501650404713e+00,6.177327791402675849e-01,7.949873988553692872e-01
4.725339057781211549e-01,1.728149349324346273e+00,1.651845943346826218e+00,5.967148699308614246e-01,7.293300160654081488e-01
4.635546017317057066e-01,1.803025978423035580e+00,1.665190498713785772e+00,5.913935768266398441e-01,8.340902870063336971e-01
4.660155867846572653e-01,1.761416573082682735e+00,1.650858317735080405e+00,5.791404750570913196e-01,8.122590191675046478e-01
4.623188447137037138e-01,1.733983960505071753e+00,1.665811145776035396e+00,6.158021097137506006e-01,9.351819801395276910e-01
4.626973728795231722e-01,1.733395206458234084e+00,1.762459156148695971e+00,5.578785783646957874e-01,8.743025850744672312e-01
4.736541769811271063e-01,1.709503539405387240e+00,1.645516520782553060e+00,4.809377888513057808e-01,8.187268943780244834e-01
4.820239106674600871e-01,1.640729654214845512e+00,1.681809776657605005e+00,4.969815435125592984e-01,8.075088355782954475e-01
4.768712547569077809e-01,1.820442689894268717e+00,1.791451502875276880e+00,4.347745782640634604e-01,7.804428816959880777e-01
4.890398176869694136e-01,1.718225979080915122e+00,1.776032279898886124e+00,4.481623283009684711e-01,8.004140207277514740e-01
4.729004360394428175e-01,1.805472507455746944e+00,1.796224215223788612e+00,4.604645331568674171e-01,8.963972553691068601e-01
4.854537232157668525e-01,1.780201436527412584e+00,1.685255354848839371e+00,4.556573539523963712e-01,9.010948745274223182e-01
4.583754502561359634e-01,1.788696885334660314e+00,1.719714949687403127e+00,4.526217138543546792e-01,9.573658137014688929e-01
4.731266242215342310e-01,1.662482908962226835e+00,1.752323715912546653e+00,3.962021328490697436e-01,9.314460887796404132e-01
4.849062680108598977e-01,1.723003401171055105e+00,1.739780177930658756e+00,4.139952573485711773e-01,9.092636358796587492e-01
4.736126460188793130e-01,1.644753912280998431e+00,1.784808984635742668e+00,3.681897577863663118e-01,8.715541168801678173e-01
4.670672013052051819e-01,1.664904752525392828e+00,1.823537753188214650e+00,3.605758420751186133e-01,8.978019723619661274e-01
4.626941282459702265e-01,1.633027111179427449e+00,1.732641192025819565e+00,3.539660769546750796e-01,8.538186739344925114e-01
4.635159054405569856e-01,1.723094473429737983e+00,1.714518468752479041e+00,3.552742660384470286e-01,9.326034027299909823e-01
4.981682699207368170e-01,9.883884781098536410e-01,1.539011726108176603e+00,6.202563654084817246e-01,8.952954804498389763e-01
4.873021415807970436e-01,1.161875478947217877e+00,1.437243145826438084e+00,6.355890768280688663e-01,9.335239987159364983e-01
4.953693629462107562e-01,1.307207940032791393e+00,1.618819588453354941e+00,6.423436469340950694e-01,9.848813955350615990e-01
4.766171612488805942e-01,1.289889736375046558e+00,1.574234346702524157e+00,6.881917543141349292e-01,1.177765178359172715e+00
4.734363968730740946e-01,1.411030083348455477e+00,1.623318117682839290e+00,6.368248441986883446e-01,1.103857185264697893e+00
4.742333675797446024e-01,1.421332651017071180e+00,1.608394508313281346e+00,5.968115027876854661e-01,1.092444426899869203e+00
4.935190107520094904e-01,1.487678151177458385e+00,1.632133613890554669e+00,6.093628301641573763e-01,1.125817487690566221e+00
4.700783611153906971e-01,1.491449761824601428e+00,1.604657579743966833e+00,6.235576293023166183e-01,1.238484444355424152e+00
4.800947251114232595e-01,1.593903719734151903e+00,1.795564690089562987e+00,6.004337503687858790e-01,1.198982479989728622e+00
4.854999194083211567e-01,1.644570922357196041e+00,1.629673189124338117e+00,5.900983882281520820e-01,1.243365349633344996e+00
4.551087268652727058e-01,1.660522911428124360e+00,1.655624414963296598e+00,5.857040100920783976e-01,1.213328014643698216e+00
4.599426041689285150e-01,1.667483308752380600e+00,1.775841112267089850e+00,5.800727128049768533e-01,1.242765873527972964e+00
4.502005075749476171e-01,1.772658002832091517e+00,1.766147821214827829e+00,5.009567310920265415e-01,1.190599462621663163e+00
4.824461310185289564e-01,1.707407378789788099e+00,1.720119463465017873e+00,4.559707560611008792e-01,1.193604669398256934e+00
4.773798089433676228e-01,1.741988477365231214e+00,1.747048750487732338e+00,4.460344289718192190e-01,1.133941532933848473e+00
4.842135247869523984e-01,1.804820280453110604e+00,1.700970272771850755e+00,4.540351228531909755e-01,1.205828940227926083e+00
4.750767276472855349e-01,1.689232562957649231e+00,1.626188460496914567e+00,4.641467897978766577e-01,1.240736188757337599e+00
4.384787320726516446e-01,1.665387374003505894e+00,1.674017827349359555e+00,5.090605124769741474e-01,1.452215980895189551e+00
4.588475528499784128e-01,1.685813454621813978e+00,1.711249660193812305e+00,4.687775381339616687e-01,1.467820541359471154e+00
4.561329813888985174e-01,1.732408360749962739e+00,1.715399721450658665e+00,4.293631011742207737e-01,1.400376288792871238e+00
4.541527119598566808e-01,1.693462068980732038e+00,1.778963023471139548e+00,4.255160174676207441e-01,1.316534646808605435e+00
4.689742285817924405e-01,1.759174197795144501e+00,1.758354371900234803e+00,4.379085823494429652e-01,1.370339956281545701e+00
4.557248595456427909e-01,1.680208602732313761e+00,1.712907489389366544e+00,4.020672029989677543e-01,1.317334687791327008e+00
4.768582333625359104e-01,1.695935085574409973e+00,1.605900661616762148e+00,3.550317570780908150e-01,1.390691644087987067e+00
4.671652954119283052e-01,1.679870940868357199e+00,1.639621861906080280e+00,3.719832325057449429e-01,1.436314402688717351e+00
4.653128238206817868e-01,1.706958102532854626e+00,1.625407036655962090e+00,3.577673956576085668e-01,1.328386666582414000e+00
4.724225297314292860e-01,1.647239334104493080e+00,1.625758632178243346e+00,3.425968485733438262e-01,1.394041581303191446e+00
4.598562489458379865e-01,1.706842096811372667e+00,1.669381278014862691e+00,3.402672126228938332e-01,1.422994864958666783e+00
4.645643830479322389e-01,1.637682649637425270e+00,1.661397667785266430e+00,2.887295765796280000e-01,1.295895202925904766e+00
4.509503054042519610e-01,1.653665678572758813e+00,1.670689312457837028e+00,2.947515160610050255e-01,1.359776066400982364e+00
9.481839585604509013e-01,1.421668137153099254e+00,1.248330305820714470e+00,7.677373106915462708e-01,7.006517483000488378e-01
8.842536233511650856e-01,1.568847612591898644e+00,1.355834213039611491e+00,7.339476246275415949e-01,7.162295363990038854e-01
8.008555298118065213e-01,1.579750050582368504e+00,1.411287455565486404e+00,7.537079160013043788e-01,7.249048142658779392e-01
7.291819057436460527e-01,1.630008998887981786e+00,1.529006735436027054e+00,7.027331278667920955e-01,7.609322604620680774e-01
6.590217115483164578e-01,1.588908102677603962e+00,1.589564464577670977e+00,6.876760373488046696e-01,7.407283920820767475e-01
6.104978810228905983e-01,1.697363623311329617e+00,1.542208703729819996e+00,6.197788820562946110e-01,7.448383313158937202e-01
5.933330595460988288e-01,1.777361370026384169e+00,1.629242105775990268e+00,5.657691149760424310e-01,7.200808163144765128e-01
5.255967123236047200e-01,1.862177764307131111e+00,1.628809437048184261e+00,5.322810367659445152e-01,6.638076490878009883e-01
5.603456212887030219e-01,1.781452947709735612e+00,1.605895724139792646e+00,5.327771899574635928e-01,7.169986435225425003e-01
5.391435684101886228e-01,1.752056619042949848e+00,1.675109304472029770e+00,5.484062105697603551e-01,7.694669181601526686e-01
5.022776276956333330e-01,1.813284557298632249e+00,1.700807108085796715e+00,5.233433560531945972e-01,7.580362237671610659e-01
5.227854940325261657e-01,1.883112696623091331e+00,1.670713314140692907e+00,4.973732092980162611e-01,7.271747847806028231e-01
4.915584984766021015e-01,1.820487399192018074e+00,1.665888592011280256e+00,4.940445046334632773e-01,7.219156969108893040e-01
4.832347684816125089e-01,1.760725471642770712e+00,1.728767885109558033e+00,4.781810929011470757e-01,7.620469858857163992e-01
4.836612346223747583e-01,1.803778243626289246e+00,1.715676024434691360e+00,4.571959217209979331e-01,8.141852597195908814e-01
4.953134206134416351e-01,1.746783325274757992e+00,1.738097788279587386e+00,4.281657411795288803e-01,7.462494674869466493e-01
4.988602538802062170e-01,1.822851435514668550e+00,1.688019717141053588e+00,3.948015793941173635e-01,7.417778506070413780e-01
4.633621359955093499e-01,1.754862849489537746e+00,1.674889721145762289e+00,3.950130501350262446e-01,7.435155654555664073e-01
4.800079955521114883e-01,1.779423994490471506e+00,1.676701295519656743e+00,3.718667741274484517e-01,7.656545985909388730e-01
4.956632456147196386e-01,1.782107214776900372e+00,1.670304381837462548e+00,4.191481672451558005e-01,8.426393101544584763e-01
4.656138782900156592e-01,1.771660032637866644e+00,1.747120246128415877e+00,4.050872259094145389e-01,8.979998797589120452e-01
4.932416620239833960e-01,1.794208558860112435e+00,1.718573372545832978e+00,4.467047863244116845e-01,9.359847062098030079e-01
4.796901487853378332e-01,1.851542860819951786e+00,1.699980026228991470e+00,4.175291554551366358e-01,9.734569850150672776e-01
4.565594603490861769e-01,1.843079028175825806e+00,1.669256092437866545e+00,4.267264174454691861e-01,1.042443332061258721e+00
4.681394983519827635e-01,1.819608801183577151e+00,1.713701272546016785e+00,4.054579820267829593e-01,1.046912192933581620e+00
4.804245635314513541e-01,1.760206767087350910e+00,1.699949929044761276e+00,4.179090605392487001e-01,1.074958012323575351e+00
4.694812370419066405e-01,1.773950734501325899e+00,1.706383569061779015e+00,4.389904287760516000e-01,1.167444667734445218e+00
4.647389499222537301e-01,1.742928644659519577e+00,1.698593724010720507e+00,4.001548187813544488e-01,1.133212916702138751e+00
4.720789638753581374e-01,1.799485059218359773e+00,1.681070881796924876e+00,4.200190756123876601e-01,1.203627209381380458e+00
4.531147541655893840e-01,1.720680695248425263e+00,1.567868571145651257e+00,4.304317998179539861e-01,1.361076738026899546e+00
1.060183720464742851e+00,1.474806481986943973e+00,1.373517552862512980e+00,7.827843658849843456e-01,6.439425369184987868e-01
9.674479116628503794e-01,1.560588719712714401e+00,1.493229270631447392e+00,7.372047469037157352e-01,6.963016354025146626e-01
8.952718090109555993e-01,1.521996943116868506e+00,1.487713194377371595e+00,7.846661250471576032e-01,7.434392868194082959e-01
7.849873617372875589e-01,1.549745216593813257e+00,1.584656130306358435e+00,7.394525718785267543e-01,7.074555587182044247e-01
7.010773917133258371e-01,1.506355278292037747e+00,1.577760301375727314e+00,7.457381373234580613e-01,7.729855321827809878e-01
6.838264628781987042e-01,1.551018805999220929e+00,1.579752336117373535e+00,7.521579564275711061e-01,7.839603956634138004e-01
6.349612413060815586e-01,1.566207832797337662e+00,1.590574651467588252e+00,7.726748695324924254e-01,8.278330693944100371e-01
6.326525535255288490e-01,1.618623143820051125e+00,1.619667336780651334e+00,7.614215487190788556e-01,8.892024303542974684e-01
5.895188084555672559e-01,1.690694080814430400e+00,1.640025690919581836e+00,7.845751315851295926e-01,9.234866226465163752e-01
5.416697365469974601e-01,1.632403788520145449e+00,1.613512651483511862e+00,7.908260977540563230e-01,9.682612989609574727e-01
5.257788259138392872e-01,1.707137674092790380e+00,1.659020300674374893e+00,6.805139296678496263e-01,8.998159264860239315e-01
5.321799328764803549e-01,1.651764079030577870e+00,1.666045147567269957e+00,7.633396641145839823e-01,9.506052753487980178e-01
5.187759571472470022e-01,1.649343734613529344e+00,1.633905775609066913e+00,6.801313382140997676e-01,9.291451419700099690e-01
5.060035186639655347e-01,1.705712667916911007e+00,1.631344028976707605e+00,6.705431456336343743e-01,9.680085908716692389e-01
4.752809384192486220e-01,1.623115980240069645e+00,1.693939640245032852e+00,6.974297367113656554e-01,1.086632823069268783e+00
4.957755048078530957e-01,1.692997957324430702e+00,1.627876538245651039e+00,7.190725022538494438e-01,1.127848856699440683e+00
4.816788384129023215e-01,1.795322773394153248e+00,1.643160612586685554e+00,6.889201416009104184e-01,1.081605394189086633e+00
4.858925401427786062e-01,1.651276673971645348e+00,1.609718400888104251e+00,6.602439338173081707e-01,1.184987397841665402e+00
4.776259918457667619e-01,1.595032807816054721e+00,1.577453982199580995e+00,6.805316612560100564e-01,1.239107497883016329e+00
4.665836682077831310e-01,1.678384217686604618e+00,1.646619275927693415e+00,6.946782890540479372e-01,1.327858659807294783e+00
4.825312128200863748e-01,1.740641362635935829e+00,1.673341078168239404e+00,7.121738911271623396e-01,1.349897720811599644e+00
4.628672047266512712e-01,1.742828506745416339e+00,1.585164355154938809e+00,6.404717653691598400e-01,1.251930400514563280e+00
4.644069246666147621e-01,1.694678635910707110e+00,1.558498577307813049e+00,6.343533594414038079e-01,1.288802309047708539e+00
4.610423138851175162e-01,1.674755404281017990e+00,1.513455003514873720e+00,6.428431224220344520e-01,1.440392495167889697e+00
4.634913051519425897e-01,1.678096163340573543e+00,1.546027808386897462e+00,6.075550604596238191e-01,1.419147331048720373e+00
4.582684070800461806e-01,1.670712059284239270e+00,1.607199213159244300e+00,6.192579378628828568e-01,1.423296578828259440e+00
4.616531883505881617e-01,1.660937015781004167e+00,1.541501949335244426e+00,6.403483548762359812e-01,1.574899056021871191e+00
4.672401976648367650e-01,1.683454807095180694e+00,1.547480559193566085e+00,6.166942238072691262e-01,1.566237335019624144e+00
4.595338878349508049e-01,1.658194413171957926e+00,1.596171304646744282e+00,6.107572954503753815e-01,1.610899693350419160e+00
4.468446896845746918e-01,1.703607218813900648e+00,1.585417708256037228e+00,6.380176375916144504e-01,1.794419531939683177e+00
1.020950394588221233e+00,1.899994591392888399e+00,8.664903345530590162e-01,4.970374279889359648e-01,4.967292115197403102e-01
1.035734686508122060e+00,1.892747513514541069e+00,1.094714742235886940e+00,5.170971382577321807e-01,5.719638887333021726e-01
8.768813774139303518e-01,1.779890334010316266e+00,1.240982990128955743e+00,4.676248318943418414e-01,5.338308739977103423e-01
7.875977441850243732e-01,1.732692255104732348e+00,1.303771185591637405e+00,4.707315392820776156e-01,5.266488280775322162e-01
6.865081423595739141e-01,1.734167468070431539e+00,1.381959832415235123e+00,4.807836275205202847e-01,5.462826710806689690e-01
6.495380277178012252e-01,1.716220482151414650e+00,1.442821123351555768e+00,4.784103161905098878e-01,5.672934797364741488e-01
6.372276727057030188e-01,1.651121498116038033e+00,1.438348157527336024e+00,4.387725567583395936e-01,5.801771858381821190e-01
6.191844091051328380e-01,1.660818125534041068e+00,1.549002055879210138e+00,4.411705851033525527e-01,6.085722324171178865e-01
5.964887216337294573e-01,1.708694820147924398e+00,1.617414233079291108e+00,4.868711151776944357e-01,6.657814134378303716e-01
5.701593168231310349e-01,1.773768807051437690e+00,1.558624875163051593e+00,4.710420691411156824e-01,6.432559324332001172e-01
5.347940606410548359e-01,1.722179691323832751e+00,1.654977178127593485e+00,4.606890285875835378e-01,7.128650611001769999e-01
5.351945752426022773e-01,1.673453628821024441e+00,1.592034606357899174e+00,4.440559430727955559e-01,7.427058580673419064e-01
5.267127035372544119e-01,1.743071799525967025e+00,1.559975061358008341e+00,4.112759689636170668e-01,6.839151134073460092e-01
5.086279831757294367e-01,1.710860710240089233e+00,1.739097189787778053e+00,3.816904325598940995e-01,6.860321537191156338e-01
4.804381052680588016e-01,1.688951924694763518e+00,1.699934775718769497e+00,3.617610766740110284e-01,6.703824314611307456e-01
5.063417345738422393e-01,1.734739690024481362e+00,1.646141921260316554e+00,3.938364154728859479e-01,7.222254300346073741e-01
5.070760042901296671e-01,1.716488150627495823e+00,1.784196840551521390e+00,3.534971681434945778e-01,6.551741585811871049e-01
4.842251866713601638e-01,1.793715479525844980e+00,1.821859909706312841e+00,3.517068630169210008e-01,6.776184044133527484e-01
4.955541224797542221e-01,1.700044079803717079e+00,1.778341858257801444e+00,3.274045111824638865e-01,6.968388053136077565e-01
4.905175649863171561e-01,1.574259414056466078e+00,1.730074489393094161e+00,3.336648100425501084e-01,7.025658112436591329e-01
4.686699610123632453e-01,1.746471113737354752e+00,1.708656624526614598e+00,3.236627591378006819e-01,7.472346043365805102e-01
4.737458203574576032e-01,1.745473440611307714e+00,1.691974692723745122e+00,3.134203514782771816e-01,7.391315621646437073e-01
4.701293054569819496e-01,1.775669992156239108e+00,1.681625304827586653e+00,3.045266908866944289e-01,7.068597778275477195e-01
4.760475403142147566e-01,1.805587658026661213e+00,1.620393700693106398e+00,2.726136359548281818e-01,7.323595358725277782e-01
4.861127004832929144e-01,1.821170124410813829e+00,1.644835502669746985e+00,2.587684635210530937e-01,7.211586883555187732e-01
5.104248194638358882e-01,1.694541987099809965e+00,1.696567693808856747e+00,2.600685816980494169e-01,7.385598193108982024e-01
4.791282544571824897e-01,1.688080641317733832e+00,1.738928874469802377e+00,2.270173003173037996e-01,6.986993429856777071e-01
4.742818199858070405e-01,1.725076024855482837e+00,1.717783450127084777e+00,2.113397765642268666e-01,6.844830478166541443e-01
4.866831971439341542e-01,1.757970952349201754e+00,1.868429884326783919e+00,2.186908623203667745e-01,7.245262493312910612e-01
4.826472815595830301e-01,1.677788256354709517e+00,1.738200783432041208e+00,2.340850814925392598e-01,7.865768987498293896e-01
9.013090331426042434e-01,1.136654702919903448e+00,1.358636313411657914e+00,8.993966837366925704e-01,8.242051706485028495e-01
8.011120770490607335e-01,1.338067031831216891e+00,1.521573092370421376e+00,8.298069428005327985e-01,8.822993187463205045e-01
7.614854470069141179e-01,1.362790437073398531e+00,1.537367982043556180e+00,8.717364850863266179e-01,8.939983499208145057e-01
6.886463830781235362e-01,1.431090124283201703e+00,1.572033262787256636e+00,7.995855149569827125e-01,8.491127515066214659e-01
6.363577461497017529e-01,1.446557563611190700e+00,1.567874432401368923e+00,7.819183266316117598e-01,8.776941291983562099e-01
5.788421835172117280e-01,1.490041356826052432e+00,1.584043500384504810e+00,7.287339795708684953e-01,8.856745380092668762e-01
5.709748926002360392e-01,1.596930348955370338e+00,1.624127172558158527e+00,7.232704806945139397e-01,8.951636591417339028e-01
5.197400060359494978e-01,1.734707724695618847e+00,1.686586941478498636e+00,6.582953762222456540e-01,8.684889352988471867e-01
5.545908366629426212e-01,1.792783944186334022e+00,1.778448930236649739e+00,6.768951543763398471e-01,8.496052583572237804e-01
5.128563203652815039e-01,1.738271982078093858e+00,1.784856272014299972e+00,6.056840134497244454e-01,8.855460637119878520e-01
5.128082601346037883e-01,1.813698439449705990e+00,1.728215148709800530e+00,6.246387550354149942e-01,8.964648711352383170e-01
4.885287891689444328e-01,1.642333324265997874e+00,1.795995713721843190e+00,6.105104159285520415e-01,8.706274182016499052e-01
4.792228299910197831e-01,1.798132316985493473e+00,1.801420785678397030e+00,5.843008444551127667e-01,9.210000399106367253e-01
4.872224164415573378e-01,1.796437132658871727e+00,1.755744454935317611e+00,5.504751155940124097e-01,8.728454215448298026e-01
4.614125246534830915e-01,1.822358623969468683e+00,1.725729238365991236e+00,5.125644037138803455e-01,8.782170769403779831e-01
4.916055252526393415e-01,1.771475739022462248e+00,1.775737631389075366e+00,5.303129903620118490e-01,8.885984339038982549e-01
4.741881593775280068e-01,1.789500687546668356e+00,1.740531513871830249e+00,5.097677001258339446e-01,9.384004547877632385e-01
4.861795295372306480e-01,1.759859717180297878e+00,1.727828998959245244e+00,5.318472597956839243e-01,9.488262601451644684e-01
4.847789587006894885e-01,1.770534116528974966e+00,1.627147879685099108e+00,4.668535633439296895e-01,9.037571751237878370e-01
4.615606581657145102e-01,1.723777860471426226e+00,1.729943271636887658e+00,4.515202744036174720e-01,9.425495371703151992e-01
4.802008441035927055e-01,1.801731386871280538e+00,1.646583361452838901e+00,4.285491216121449232e-01,9.528879342926487306e-01
4.790339872315438341e-01,1.782643836014334626e+00,1.717816693991676580e+00,4.471183814358227759e-01,9.414393863845358368e-01
4.672597179832370107e-01,1.793444216062392904e+00,1.769558238461922395e+00,4.389511517990982159e-01,9.791884979581483295e-01
4.561475634611449337e-01,1.788392665043953444e+00,1.771882998912475138e+00,4.285684952519831503e-01,1.027113519719375256e+00
4.731959516286644019e-01,1.755850564786710200e+00,1.712965289608590957e+00,3.873220799097651379e-01,9.338853830668609746e-01
4.868526606048630412e-01,1.799447724261999060e+00,1.731113540415271546e+00,3.729594764602822687e-01,9.131375133578174541e-01
4.784787213613872492e-01,1.851091804418266484e+00,1.671255091417096716e+00,3.580113154822049948e-01,9.524489086211254119e-01
4.789451693741961225e-01,1.865040731715554845e+00,1.739518598958724072e+00,3.408182307981544312e-01,9.368484428792321905e-01
4.679922053634689716e-01,1.814639727210370479e+00,1.751578482444198226e+00,3.627127307525147004e-01,9.974892710763491044e-01
4.817273323051410872e-01,1.860538517420729621e+00,1.748466400351553318e+00,3.222592100399793158e-01,9.810363672826074577e-01
7.700472018940477392e-01,1.793893776896291703e+00,8.745145908609784913e-01,5.698491195941433052e-01,5.065612431552949380e-01
6.931181687075576026e-01,1.679658754737489712e+00,1.069858191226534805e+00,5.545542639562434095e-01,4.949899612895379830e-01
6.696608132746002529e-01,1.774685566725017871e+00,1.165627485866328250e+00,5.693838007217238983e-01,5.057045160143873730e-01
6.515838650665520815e-01,1.861137334695918355e+00,1.320796527464863868e+00,5.139413031773147900e-01,5.318626994714139578e-01
5.913028169482915652e-01,1.674389724676779156e+00,1.405387589649509605e+00,5.493386135179482155e-01,5.476737862874953011e-01
5.754225395938799004e-01,1.847687789953654791e+00,1.504386714585196572e+00,5.229213996093921013e-01,5.611026650019030892e-01
5.383798123679760517e-01,1.808704221594090944e+00,1.591698798084054900e+00,4.948608939250010441e-01,5.659050892919417208e-01
5.475034347832044013e-01,1.745376630119751304e+00,1.607091360197507868e+00,4.587511202033001667e-01,5.023228100330049406e-01
5.094509396690457548e-01,1.770307002557265585e+00,1.674886151014651325e+00,4.609498084220171044e-01,5.146899747871939157e-01
5.248053512122615727e-01,1.716940639040529071e+00,1.643519788999650011e+00,4.923752746001104352e-01,6.203333044693792875e-01
5.064284564123359145e-01,1.805722956916313571e+00,1.744118990933991142e+00,4.581835205644763098e-01,5.949368907271582740e-01
5.005750553187280349e-01,1.765713563608389824e+00,1.748593288256782952e+00,4.662819682835014357e-01,6.372186947061957429e-01
4.828188424404314949e-01,1.771408890461075858e+00,1.829123550141042776e+00,4.235154142477879913e-01,5.789183797145313060e-01
5.019016860731863039e-01,1.701319699571502309e+00,1.752093246933663417e+00,4.295897988387042954e-01,6.479328535694489632e-01
4.834058636871284564e-01,1.695470532669930197e+00,1.796467792529881535e+00,4.144793103993089645e-01,5.987480796637548730e-01
4.715449975921535142e-01,1.617062678169473688e+00,1.753158683019126363e+00,3.602255313163328365e-01,6.054828479971461341e-01
4.904079793847314628e-01,1.551619513970512232e+00,1.803688996865575378e+00,3.754171054495448190e-01,6.550274950139405306e-01
4.794114483819353900e-01,1.760124491268589608e+00,1.684727923530381588e+00,3.900340353786161396e-01,6.749049304075854794e-01
4.836222516097630209e-01,1.600392057669822510e+00,1.755312489657431252e+00,3.889956527409729747e-01,7.162602010345245906e-01
4.755847136296245115e-01,1.672853662699588018e+00,1.730302781192806894e+00,4.052850028481037592e-01,7.581603790479566340e-01
4.641128170217490023e-01,1.702962824278212883e+00,1.853281403265174099e+00,3.871584369618043531e-01,7.826079874383329305e-01
4.669217964411757626e-01,1.817757407285305771e+00,1.725247596929048166e+00,3.675165640236235376e-01,7.553653141362851597e-01
4.849632996978935351e-01,1.820389680616666173e+00,1.709061351802331208e+00,3.732456546187691848e-01,8.145089190271019852e-01
4.971762504614914979e-01,1.749191485237913790e+00,1.786577194434034066e+00,4.048021006566459024e-01,9.545431890878623982e-01
4.779608623377096244e-01,1.779758432900545140e+00,1.693371447851563572e+00,3.833841021549240224e-01,9.055354706397941156e-01
4.728690111726128742e-01,1.763585095208862530e+00,1.762376885048117181e+00,3.611064894660158675e-01,8.929643657713144389e-01
4.624842956090571833e-01,1.794065611949011929e+00,1.698256240710416032e+00,3.262925756013100309e-01,8.051054395860447466e-01
4.636904160046082524e-01,1.767442646768031977e+00,1.653970173906212926e+00,3.267693987517532594e-01,8.900637696421382916e-01
4.677917412490970039e-01,1.730986939362267885e+00,1.868125196582565373e+00,3.027692451136171914e-01,8.291313165633952265e-01
4.661604188181365238e-01,1.750033192845121821e+00,1.708515870074882370e+00,2.938984983486303548e-01,8.847406446756080900e-01
9.289807123156132995e-01,1.537589196790204227e+00,1.427781471593684959e+00,4.704202301958864130e-01,9.485592372091299351e-01
7.932677469423197181e-01,1.607287544878437169e+00,1.473074555188320200e+00,4.842307292642206162e-01,1.037792945114591747e+00
7.169543784862053570e-01,1.576437822319757487e+00,1.435707814379127756e+00,4.932638028623747561e-01,1.017442727931805901e+00
6.995445255568546461e-01,1.641051754333074486e+00,1.465296078738588248e+00,5.323528014306100342e-01,1.136239142855561157e+00
6.682712411281762632e-01,1.709963827139723946e+00,1.593973064781193383e+00,5.198957503872391195e-01,1.155504675355693900e+00
6.362200748102027070e-01,1.765312967070556072e+00,1.551657336588234237e+00,4.887659881993366429e-01,1.166399529653713074e+00
6.304431165247545987e-01,1.656958045506643051e+00,1.583334279033701275e+00,5.076004621413453544e-01,1.176949847838045793e+00
5.769244335020428105e-01,1.683084037174207293e+00,1.647352053761117485e+00,4.663081592903320360e-01,1.152278305472495212e+00
5.316739243998775954e-01,1.680531474416614657e+00,1.692186776418428851e+00,4.605986017727212167e-01,1.094409312248855182e+00
5.226599060422066900e-01,1.751643394057554204e+00,1.640093747767898957e+00,4.371979737418292822e-01,1.253857366821629071e+00
5.267583957998891453e-01,1.792783111512093130e+00,1.709013990808053718e+00,4.078932577698705098e-01,1.113586306007755544e+00
4.860941764407300525e-01,1.827692729374674974e+00,1.678515514206856407e+00,4.071062386991662896e-01,1.206379557679142955e+00
4.986101028233821952e-01,1.761377771095938183e+00,1.714007622967999911e+00,4.178448477404786976e-01,1.212876609767522762e+00
4.942919727103415872e-01,1.730678169597398286e+00,1.571554085055674177e+00,4.049448934140980061e-01,1.322471831646318208e+00
4.897525846594428800e-01,1.642158913394149211e+00,1.666822186821068863e+00,3.655953633094992106e-01,1.244790633196195984e+00
4.883296894744530436e-01,1.828431686090549402e+00,1.773230787011031095e+00,3.535198558603466212e-01,1.278678107102550809e+00
4.694805137448125887e-01,1.739737099638448692e+00,1.771282928614586138e+00,3.753665918276589131e-01,1.250702130881359952e+00
4.705389189975817121e-01,1.611267624411685029e+00,1.780777711518812811e+00,3.714490327898616884e-01,1.414463656272744174e+00
4.638510864881706941e-01,1.696982865810524599e+00,1.767373128080823141e+00,3.749692264302760258e-01,1.501274144167094038e+00
4.552122448061791116e-01,1.793614256176109034e+00,1.806414301371209952e+00,3.729205266809410002e-01,1.551187064387108627e+00
4.821744286876012420e-01,1.736213047250935837e+00,1.810735204923990649e+00,3.471308676415198469e-01,1.504971882457092125e+00
4.844933435023724977e-01,1.752332559492889796e+00,1.811453723929449700e+00,3.199387488610162533e-01,1.472811682290831037e+00
4.710413621453075628e-01,1.687240154068073261e+00,1.657688833140109841e+00,3.072609959572337734e-01,1.396302655871646037e+00
4.829933336383746556e-01,1.757354004881009457e+00,1.599709656027981763e+00,2.941524264987685489e-01,1.380431526272280385e+00
4.568202355199516562e-01,1.680625106829983340e+00,1.688811951076275797e+00,3.065864368560989317e-01,1.458924218836446629e+00
4.571794238892128992e-01,1.777943924111900609e+00,1.720364815541686632e+00,2.835352387116747419e-01,1.382186304002009924e+00
4.560537382048404642e-01,1.774051107016106021e+00,1.685340683998009181e+00,2.841058642507555687e-01,1.550411440425783827e+00
4.502501744368554437e-01,1.772077986524274174e+00,1.711887574591408834e+00,2.949296811918113437e-01,1.677240666652818124e+00
4.395937565318638329e-01,1.700464034242415767e+00,1.652626429137431741e+00,2.665263930987179508e-01,1.533566882819990651e+00
4.671523182096345428e-01,1.642795292591014089e+00,1.618256798247168948e+00,2.907836031469012705e-01,1.674635879934794902e+00
6.650539716009749025e-01,1.529466577354334778e+00,1.220520175851322442e+00,7.516048650612993098e-01,7.013301074700940552e-01
6.335806212771684098e-01,1.602986445278711924e+00,1.310305223474805825e+00,7.086473336907941345e-01,7.281251816558944601e-01
6.153310385253243364e-01,1.527051435296309601e+00,1.330368271714223338e+00,7.095068414572555104e-01,7.318545830386273821e-01
5.579901737047717747e-01,1.618171170922747093e+00,1.366454875873780006e+00,7.462718555095634310e-01,7.887410765052554895e-01
5.550243334632619652e-01,1.699524866870574691e+00,1.528820418651043012e+00,6.586826260270057798e-01,7.167268609270553981e-01
5.530532071349985035e-01,1.689539646725255473e+00,1.551224234850955064e+00,6.690030721364914612e-01,7.258609914983294997e-01
5.133440619112522585e-01,1.717663776659424268e+00,1.564492383309131096e+00,6.006736954013630614e-01,7.169840522809748373e-01
5.023775967212473770e-01,1.775052262770938194e+00,1.642749043998168013e+00,5.537589826779178992e-01,6.933478095303942101e-01
5.121383116184481388e-01,1.799062176188805706e+00,1.666985312077518433e+00,5.228157574374929784e-01,6.828559317461944111e-01
4.937971499850360435e-01,1.851080802420012716e+00,1.653883242768102946e+00,5.188327561896258766e-01,6.700256685720612504e-01
4.552033904150109000e-01,1.814737748627325287e+00,1.621045829214276202e+00,5.540029585353296593e-01,7.650048998239203923e-01
5.010001170985248775e-01,1.816658930179026576e+00,1.685042947165888760e+00,5.968270533753332607e-01,8.069796960636167471e-01
4.926750185637793766e-01,1.813998494876615242e+00,1.677244488921297183e+00,5.532525413342892495e-01,8.196458271246005456e-01
4.631406380542045786e-01,1.887743681732598322e+00,1.648119746867848345e+00,5.763738105350690866e-01,9.047499169253000462e-01
4.784828660324040306e-01,1.758980116666028160e+00,1.655697009337815606e+00,5.850721019764472119e-01,9.245451283120460495e-01
4.815762973135476188e-01,1.780866238045278438e+00,1.735448363204090461e+00,5.508715718933621108e-01,9.740953222364093778e-01
4.622995586987944105e-01,1.732308062203663956e+00,1.686282048091305885e+00,5.577406340812992580e-01,9.415595427943006523e-01
4.863442675968220885e-01,1.727307088152794101e+00,1.712728265888211476e+00,5.419111303013446346e-01,9.940857773642371997e-01
4.699010140719385165e-01,1.704542430925410246e+00,1.730916281252897759e+00,5.367421368983211760e-01,1.057061198714137618e+00
4.679210052959925092e-01,1.771320376583932488e+00,1.662569151260550715e+00,5.517995279531201502e-01,1.097438385230365521e+00
4.758929592659769670e-01,1.648938948352362432e+00,1.735860607336171757e+00,5.291760889025897141e-01,1.044535418987637243e+00
4.841786227659582442e-01,1.645694696240187938e+00,1.638506222967502923e+00,4.834119387140525803e-01,1.117379382317623016e+00
4.735710680900007130e-01,1.635219156804164964e+00,1.723696761121453980e+00,4.654705368642556018e-01,1.020547244231791773e+00
4.739033649123046699e-01,1.712614065741128844e+00,1.797153702020581223e+00,4.767415633237951367e-01,1.121428261725533115e+00
4.582655365646254864e-01,1.744103985535157886e+00,1.785076180027570292e+00,4.347359559306038790e-01,1.068671743191133894e+00
4.780794731711303092e-01,1.765900586994529675e+00,1.701800782500676235e+00,4.491655082143185540e-01,1.172266155322613246e+00
4.690937399161519417e-01,1.709134594797291351e+00,1.719186878576147048e+00,4.329745298398700593e-01,1.112353913884141399e+00
4.677819005962988164e-01,1.689884919796958984e+00,1.750646746326926628e+00,4.281028552325366054e-01,1.070588777869351693e+00
4.752031227446947836e-01,1.704722708383273666e+00,1.790356226342194823e+00,3.907280817508803628e-01,1.135067387960024821e+00
4.768112358658668226e-01,1.718678610043171240e+00,1.835419276476476069e+00,3.477883888387830469e-01,1.086845024945958915e+00
